1,3,A1-A10,NA,NA,NA,YES,MUSEUM UNIMAS,MAMMALIA,Cynopterus,brachyotis,
2,3,,NA,NA,NA,,,MAMMALIA,Cynopterus,brachyotis,
3,3,,NA,NA,NA,,,MAMMALIA,Cynopterus,brachyotis,
4,3,,NA,NA,NA,,,MAMMALIA,Cynopterus,brachyotis,
5,3,,NA,NA,NA,,,MAMMALIA,Cynopterus,brachyotis,
6,3,B1-B4,NA,NA,NA,,,MAMMALIA,Rhinolophus,affinis,
7,3,,NA,NA,NA,,,MAMMALIA,Rhinolophus,affinis,
8,3,C1-C8,NA,NA,NA,,,MAMMALIA,Hipposideros,cervinus,
9,3,,Female,NA,NA,,,MAMMALIA,Hipposideros,cervinus,
10,3,,NA,NA,NA,,,MAMMALIA,Hipposideros,cervinus,
11,3,,NA,NA,NA,,,MAMMALIA,Hipposideros,cervinus,
12,3,D1-D4,NA,NA,NA,,,MAMMALIA,Rhinolophus,luctus,
13,3,,NA,NA,NA,,,MAMMALIA,Rhinolophus,luctus,
14,3,E1-E4,NA,NA,NA,,,MAMMALIA,Hipposideros,ridleyi,
15,3,,NA,NA,NA,,,MAMMALIA,Hipposideros,ridleyi,
16,3,F1-F4,NA,NA,NA,,,MAMMALIA,Penthetor,lucasi,
17,3,,NA,NA,NA,,,MAMMALIA,Penthetor,lucasi,
18,3,G1-G4,NA,NA,NA,,,MAMMALIA,Myotis,muricola,
19,3,,NA,NA,NA,,,MAMMALIA,Myotis,muricola,
20,3,H1-H2,NA,NA,NA,,,MAMMALIA,Cheiromeles,torquatus,
21,3,I1-I2,NA,NA,NA,,,MAMMALIA,Pipisterellus,stenopterus,
22,3,J1-J2,NA,NA,NA,,,MAMMALIA,Maxomys,rajah,
23,3,A1-A6,NA,NA,NA,,,MAMMALIA,Myotis,ridleyi,
24,3,,NA,NA,NA,,,MAMMALIA,Myotis,ridleyi,
25,3,,NA,NA,NA,,,MAMMALIA,Myotis,ridleyi,
26,3,GGNP21-023,NA,NA,NA,,,MAMMALIA,Rhinolophus,affinis,
27,3,GGNP21-024,NA,NA,NA,,,MAMMALIA,Rhinolophus,affinis,
28,3,GGNP21-004,NA,NA,NA,,,MAMMALIA,Tylonycteris,pachypus,
29,3,GGNP21-006,NA,NA,NA,,,MAMMALIA,Tylonycteris,pachypus,
30,3,GGNP21-007,NA,NA,NA,,,MAMMALIA,Tylonycteris,pachypus,
31,3,GGNP21-022,NA,NA,NA,,,MAMMALIA,Tylonycteris,pachypus,
32,3,GGNP21-014,NA,NA,NA,,,MAMMALIA,Hipposideros,cervinus,
33,3,GGNP21-005,NA,NA,NA,,,MAMMALIA,Glischropus,tylopus,
34,3,GGNP21-024,NA,NA,NA,,,MAMMALIA,Glischropus,tylopus,
35,3,GGNP21-031,NA,NA,NA,,,MAMMALIA,Glischropus,tylopus,
36,3,,NA,NA,NA,,,MAMMALIA,Cynopterus,brachyotis,
37,3,F1-F5,NA,NA,NA,,,MAMMALIA,Cynopterus,brachyotis,
38,3,,NA,NA,NA,,,MAMMALIA,Cynopterus,brachyotis,
39,3,GGNP21-030,NA,NA,NA,,,MAMMALIA,Rhinolophus,borneensis,
40,3,GGNP21-032,NA,NA,NA,,,MAMMALIA,Rhinolophus,borneensis,
41,3,H1-H10,NA,NA,NA,,,MAMMALIA,Maxomys,whiteheadi,
42,3,,NA,NA,NA,,,MAMMALIA,Maxomys,whiteheadi,
43,3,,NA,NA,NA,,,MAMMALIA,Maxomys,whiteheadi,
44,3,,NA,NA,NA,,,MAMMALIA,Maxomys,whiteheadi,
45,3,,NA,NA,NA,,,MAMMALIA,Maxomys,whiteheadi,
46,3,GGNP21-026,NA,NA,NA,,,MAMMALIA,Rattus,exulans,
47,3,GGNP21-018,NA,NA,NA,,,MAMMALIA,Cynopterus,horsfieldi,
48,3,GGNP21-015,NA,NA,NA,,,MAMMALIA,Kerivoula,hardwickii,
49,3,GGNP21-009,NA,NA,NA,,,MAMMALIA,Sundamys,muelleri,
50,3,MWC21-030,NA,NA,NA,,,MAMMALIA,Pipisterellus,stenopterus,
51,3,SJNR21-012,NA,NA,NA,,,MAMMALIA,Pipisterellus,stenopterus,
52,3,SJNR21-017,NA,NA,NA,,,MAMMALIA,Myotis,muricola,
53,3,SJNR21-021,NA,NA,NA,,,MAMMALIA,Rattus,norvegicus,
54,3,SJNR21-003,NA,NA,NA,,,MAMMALIA,Rattus,tanezumi,
55,3,SJNR21-004,NA,NA,NA,,,MAMMALIA,Rattus,tanezumi,
56,3,SJNR21-005,NA,NA,NA,,,MAMMALIA,Sundamys,muelleri,
57,3,SJNR21-013,NA,NA,NA,,,MAMMALIA,Saccolaimus,saccolaimus,
58,3,NN01,NA,NA,NA,,,MAMMALIA,Neofelis / Pardofelis,nebulosa,
59,3,NN02,Female,NA,NA,,,MAMMALIA,Neofelis / Pardofelis,nebulosa,
60,3,NN03,NA,NA,NA,,,MAMMALIA,Neofelis / Pardofelis,nebulosa,
61,3,PB01,NA,NA,NA,,,MAMMALIA,Prionailurus,bengalensis,
62,3,PB02,NA,NA,NA,,,MAMMALIA,Prionailurus,bengalensis,
63,3,PB03,NA,NA,NA,,,MAMMALIA,Prionailurus,bengalensis,
64,3,PB04,NA,NA,NA,,,MAMMALIA,Prionailurus,bengalensis,
65,3,PB05,NA,NA,NA,,,MAMMALIA,Prionailurus,bengalensis,
66,3,PB06,NA,NA,NA,,,MAMMALIA,Prionailurus,bengalensis,
67,3,PB07,NA,NA,NA,,,MAMMALIA,Prionailurus,bengalensis,
68,3,PB08,NA,NA,NA,,,MAMMALIA,Prionailurus,bengalensis,
69,3,PB09,NA,NA,NA,,,MAMMALIA,Prionailurus,bengalensis,
70,3,PB10,NA,NA,NA,,,MAMMALIA,Prionailurus,bengalensis,
71,3,FP01,NA,NA,NA,,,MAMMALIA,Neophocaena,phocaenoides,Stranded
72,3,FP02,NA,NA,NA,,,MAMMALIA,Neophocaena,phocaenoides,Stranded
73,3,FP03,NA,NA,NA,,,MAMMALIA,Neophocaena,phocaenoides,Stranded
74,3,AB01,Female,NA,NA,,,MAMMALIA,Arctictis,binturong,
75,3,AB02,Male,NA,NA,,,MAMMALIA,Arctictis,binturong,
76,3,AB03,Male,NA,NA,,,MAMMALIA,Arctictis,binturong,
77,3,AB04,Male,NA,NA,,,MAMMALIA,Arctictis,binturong,
78,3,AB05,NA,NA,NA,,,MAMMALIA,Arctictis,binturong,
79,3,AB06,NA,NA,NA,,,MAMMALIA,Arctictis,binturong,
80,3,AB07,Male,NA,NA,,,MAMMALIA,Arctictis,binturong,
81,3,,Male,Adult,NA,,,MAMMALIA,Prionailurus,bengalensis,Roadkill
82,3,,Male,NA,NA,,,MAMMALIA,Prionailurus,planiceps,Captivity
83,3,,Male,NA,NA,,FORENSIC LAB,MAMMALIA,Prionailurus,sp.,Captivity
84,3,,Male,NA,NA,,FORENSIC LAB,MAMMALIA,Prionailurus,sp.,Captivity
85,3,MF01,Male,Adult,9,,,MAMMALIA,Macaca,fascicularis,Captivity
86,3,MF02,NA,NA,NA,,,MAMMALIA,Macaca,fascicularis,
87,3,MF03,NA,NA,NA,,,MAMMALIA,Macaca,fascicularis,
88,3,MF04,Female,NA,NA,,,MAMMALIA,Macaca,fascicularis,
89,3,MF05,NA,NA,NA,,,MAMMALIA,Macaca,fascicularis,
90,3,MF06,Male,NA,NA,,,MAMMALIA,Macaca,fascicularis,
91,3,MF07,NA,NA,NA,,,MAMMALIA,Macaca,fascicularis,
92,3,MF08,Male,NA,NA,,,MAMMALIA,Macaca,fascicularis,
93,3,MF09,Female,NA,NA,,,MAMMALIA,Macaca,fascicularis,
94,3,MF10,Male,NA,NA,,,MAMMALIA,Macaca,fascicularis,
95,3,MF11,Female,NA,NA,,,MAMMALIA,Macaca,fascicularis,
96,3,MF12,Male,NA,NA,,,MAMMALIA,Macaca,fascicularis,
97,3,MF13,Female,NA,NA,,,MAMMALIA,Macaca,fascicularis,
98,3,MF14,NA,NA,NA,,,MAMMALIA,Macaca,fascicularis,
99,3,MF15,Male,NA,NA,,,MAMMALIA,Macaca,fascicularis,
100,3,MF16,Male,NA,NA,,,MAMMALIA,Macaca,fascicularis,
101,3,MF17,Male,NA,NA,,,MAMMALIA,Macaca,fascicularis,
102,3,MF18,Male,NA,NA,,,MAMMALIA,Macaca,fascicularis,
103,3,MF19,Male,NA,NA,,,MAMMALIA,Macaca,fascicularis,
104,3,MF20,Male,NA,NA,,,MAMMALIA,Macaca,fascicularis,
105,3,MF21,Male,NA,NA,,,MAMMALIA,Macaca,fascicularis,
106,3,MF22,NA,NA,NA,,,MAMMALIA,Macaca,fascicularis,
107,3,MF23,Female,NA,NA,,,MAMMALIA,Macaca,fascicularis,
108,3,MF24,Male,NA,NA,,,MAMMALIA,Macaca,fascicularis,
109,3,MF25,Male,NA,NA,,,MAMMALIA,Macaca,fascicularis,
110,3,MF26,NA,NA,NA,,,MAMMALIA,Macaca,fascicularis,
111,3,MN01,Male,NA,NA,,,MAMMALIA,Macaca,nemestrina,
112,3,MN02,Male,NA,NA,,,MAMMALIA,Macaca,nemestrina,
113,3,MN03,NA,NA,NA,,,MAMMALIA,Macaca,nemestrina,
114,3,MN04,Male,NA,NA,,,MAMMALIA,Macaca,nemestrina,
115,3,MN05,NA,NA,NA,,,MAMMALIA,Macaca,nemestrina,
116,3,MN06,Male,NA,NA,,,MAMMALIA,Macaca,nemestrina,
117,3,MN07,Male,NA,NA,,,MAMMALIA,Macaca,nemestrina,
118,3,MN08,NA,NA,NA,,,MAMMALIA,Macaca,nemestrina,
119,3,MN09,NA,NA,NA,,,MAMMALIA,Macaca,nemestrina,
120,3,MN10,Male,NA,NA,,,MAMMALIA,Macaca,nemestrina,
121,3,MN11,Male,NA,NA,,,MAMMALIA,Macaca,nemestrina,
122,3,MN12,Male,NA,NA,,,MAMMALIA,Macaca,nemestrina,
123,3,MN13,Male,NA,NA,,,MAMMALIA,Macaca,nemestrina,
124,3,MN14,Male,NA,NA,,,MAMMALIA,Macaca,nemestrina,
125,3,MN15,Male,NA,NA,,,MAMMALIA,Macaca,nemestrina,
126,3,MN16,NA,NA,NA,,,MAMMALIA,Macaca,nemestrina,
127,3,MN17,Female,NA,NA,,,MAMMALIA,Macaca,nemestrina,
128,3,MN18,Female,NA,NA,,,MAMMALIA,Macaca,nemestrina,
129,3,MN19,NA,NA,NA,,,MAMMALIA,Macaca,nemestrina,
130,3,MN20,NA,NA,NA,,,MAMMALIA,Macaca,nemestrina,
131,3,MN21,NA,NA,NA,,,MAMMALIA,Macaca,nemestrina,
132,3,MN22,Male,NA,NA,,,MAMMALIA,Macaca,nemestrina,
133,3,MN23,Female,NA,NA,,,MAMMALIA,Macaca,nemestrina,
134,3,MN24,NA,NA,NA,,,MAMMALIA,Macaca,nemestrina,
135,3,MN25,Female,NA,NA,,,MAMMALIA,Macaca,nemestrina,
136,3,MN26,Male,NA,NA,,,MAMMALIA,Macaca,nemestrina,
137,3,MN27,NA,NA,NA,,,MAMMALIA,Macaca,nemestrina,
138,3,MN28,NA,NA,NA,,,MAMMALIA,Macaca,nemestrina,
139,3,MN29,NA,NA,NA,,,MAMMALIA,Macaca,nemestrina,
140,3,MN30,NA,NA,NA,,,MAMMALIA,Macaca,nemestrina,
141,3,MN31,NA,NA,NA,,,MAMMALIA,Macaca,nemestrina,
142,3,MN32,NA,NA,NA,,,MAMMALIA,Macaca,nemestrina,
143,3,GB01,Female,NA,3.1,,,MAMMALIA,Hylobates,sp.,Captivity
144,3,GB02,Male,NA,4.16,,,MAMMALIA,Hylobates,sp.,Captivity
145,3,GB03,Female,NA,4.4,,,MAMMALIA,Hylobates,sp.,Captivity
146,3,GB04,Female,NA,4.1,,,MAMMALIA,Hylobates,sp.,Captivity
147,3,GB05,Male,NA,5,,,MAMMALIA,Hylobates,sp.,Captivity
148,3,GB06,Female,NA,48,,,MAMMALIA,Hylobates,sp.,Captivity
149,3,GB07,Male,NA,NA,,,MAMMALIA,Hylobates,sp.,
150,3,GB08,Male,NA,NA,,,MAMMALIA,Hylobates,sp.,
151,3,GB09,Male,NA,NA,,,MAMMALIA,Hylobates,sp.,
152,3,GB10,NA,NA,NA,,,MAMMALIA,Hylobates,sp.,
153,3,GB11,Female,NA,NA,,,MAMMALIA,Hylobates,sp.,
154,3,GB12,NA,NA,NA,,,MAMMALIA,Hylobates,sp.,
155,3,GB13,Male,NA,NA,,,MAMMALIA,Hylobates,sp.,
156,3,GB14,NA,NA,NA,,,MAMMALIA,Hylobates,sp.,
157,3,GB15,Female,NA,NA,,,MAMMALIA,Hylobates,funereus,
158,3,,Male,Adult,36,,,MAMMALIA,Pongo,pygmaeus,Captivity
159,3,,Male,Subadult,32,,,MAMMALIA,Pongo,pygmaeus,Captivity
160,3,,Female,Subadult,21,,,MAMMALIA,Pongo,pygmaeus,Captivity
161,3,,Male,Juvenile,17,,,MAMMALIA,Pongo,pygmaeus,Captivity
162,3,,Female,NA,39,,,MAMMALIA,Pongo,pygmaeus,Captivity
163,3,,Male,NA,60,,,MAMMALIA,Pongo,pygmaeus,Captivity
164,3,,Female,NA,52,,,MAMMALIA,Pongo,pygmaeus,Captivity
165,3,,Female,NA,75,,,MAMMALIA,Pongo,pygmaeus,Captivity
166,3,,Male,Subadult,2.9,,,MAMMALIA,Manis,javanica,Handing over / Release
167,3,,Male,Subadult,2.95,,,MAMMALIA,Manis,javanica,Handing over / Release
168,3,,NA,NA,NA,YES,FORENSIC LAB,MAMMALIA,Manis,javanica,
169,3,,NA,Adult,NA,YES,FORENSIC LAB,MAMMALIA,Manis,javanica,
170,3,,NA,Subadult,NA,YES,FORENSIC LAB,MAMMALIA,Manis,javanica,Roadkill
171,3,,NA,Subadult,NA,,,MAMMALIA,Manis,javanica,
172,3,,NA,Juvenile,NA,,,MAMMALIA,Manis,javanica,
173,3,,NA,NA,NA,,,MAMMALIA,Manis,javanica,Handing over / Release
174,3,,NA,NA,11,,,MAMMALIA,Manis,javanica,
175,3,HM01,NA,NA,NA,,,MAMMALIA,Helarctos,malayanus,
176,3,HM02,NA,NA,NA,,,MAMMALIA,Helarctos,malayanus,
177,3,HM03,NA,NA,NA,,,MAMMALIA,Helarctos,malayanus,
178,3,HM04,Female,NA,27.5,,,MAMMALIA,Helarctos,malayanus,
179,3,HM05,Female,NA,23,,,MAMMALIA,Helarctos,malayanus,
180,3,HM06,NA,NA,20.4,,,MAMMALIA,Helarctos,malayanus,
181,3,HM07,NA,NA,NA,,,MAMMALIA,Helarctos,malayanus,
182,3,HM08,NA,NA,NA,,,MAMMALIA,Helarctos,malayanus,
183,3,HM09,NA,NA,NA,,,MAMMALIA,Helarctos,malayanus,
184,3,HM10,NA,NA,NA,,,MAMMALIA,Helarctos,malayanus,
185,3,HM11,NA,NA,NA,,,MAMMALIA,Helarctos,malayanus,
186,3,TC01,Male,Adult,NA,,,MAMMALIA,Trachypithecus,cristatus,Captivity
187,3,TC02,Female,NA,NA,,,MAMMALIA,Trachypithecus,cristatus,Captivity
188,3,TC03,NA,NA,NA,YES,FORENSIC LAB,MAMMALIA,Trachypithecus,cristatus,Roadkill
189,3,TC04,NA,NA,NA,YES,FORENSIC LAB,MAMMALIA,Trachypithecus,cristatus,Roadkill
190,3,NL01,Male,Adult,NA,YES,MUSEUM TAXIDERMY,MAMMALIA,Nasalis,larvatus,Dog Bite
191,3,NL02,Female,Juvenile,NA,,FORENSIC LAB,MAMMALIA,Nasalis,larvatus,Roadkill
192,3,NL03,Male,NA,NA,,FORENSIC LAB,MAMMALIA,Nasalis,larvatus,Dog Bite
193,3,CU01,NA,NA,NA,,,MAMMALIA,Cervus,unicolor,
194,3,SL01,Female,Adult,NA,,,MAMMALIA,Nycticebus,sp.,Handing over / Release
195,3,SL02,Female,Juvenile,NA,,,MAMMALIA,Nycticebus,sp.,Handing over / Release
196,3,SL03,NA,Adult,NA,,FORENSIC LAB,MAMMALIA,Nycticebus,sp.,Electric Shock
197,3,SL04,NA,Adult,NA,,,MAMMALIA,Nycticebus,sp.,Captivity
198,3,SL05,Male,Adult,6.22,,,MAMMALIA,Nycticebus,sp.,Handing over / Release
199,3,,NA,NA,NA,NO,,AVES,Pica,serica,Cases
200,3,,NA,NA,NA,NO,,AVES,Pica,serica,Cases
201,3,,NA,NA,NA,NO,,AVES,Pica,serica,Cases
202,3,,NA,NA,NA,NO,,AVES,Pica,serica,Cases
203,3,,NA,NA,NA,NO,,AVES,Pica,serica,Cases
204,3,,NA,NA,NA,NO,,AVES,Pica,serica,Cases
205,3,,NA,NA,NA,NO,,AVES,Pica,serica,Cases
206,3,,NA,NA,NA,NO,,AVES,Pica,serica,Cases
207,3,,NA,NA,NA,NO,,AVES,Pica,serica,Cases
208,3,,NA,NA,NA,NO,,AVES,Pica,serica,Cases
209,3,,NA,NA,NA,NO,,AVES,Pica,serica,Cases
210,3,,NA,NA,NA,NO,,AVES,Pica,serica,Cases
211,3,,NA,NA,NA,NO,,AVES,Pica,serica,Cases
212,3,,NA,NA,NA,NO,,AVES,Pica,serica,Cases
213,3,,NA,NA,NA,NO,,AVES,Pica,serica,Cases
214,3,,NA,NA,NA,NO,,AVES,Pica,serica,Cases
215,3,,NA,NA,NA,NO,,AVES,Pica,serica,Cases
216,3,,NA,NA,NA,NO,,AVES,Pica,serica,Cases
217,3,,NA,NA,NA,NO,,AVES,Pica,serica,Cases
218,3,,NA,NA,NA,NO,,AVES,Pica,serica,Cases
219,3,,NA,NA,NA,NO,,AVES,Pica,serica,Cases
220,3,,NA,NA,NA,NO,,AVES,Pica,serica,Cases
221,3,,NA,NA,NA,NO,,AVES,Pica,serica,Cases
222,3,,NA,NA,NA,NO,,AVES,Pica,serica,Cases
223,3,,NA,NA,NA,NO,,AVES,Pica,serica,Cases
224,3,,NA,NA,NA,NO,,AVES,Pica,serica,Cases
225,3,,NA,NA,NA,NO,,AVES,Pica,serica,Cases
226,3,,NA,NA,NA,NO,,AVES,Pica,serica,Cases
227,3,,NA,NA,NA,NO,,AVES,Pica,serica,Cases
228,3,,NA,NA,NA,NO,,AVES,Pica,serica,Cases
229,3,,NA,NA,NA,NO,,AVES,Pica,serica,Cases
230,3,,NA,NA,NA,NO,,AVES,Pica,serica,Cases
231,3,,NA,NA,NA,NO,,AVES,Pica,serica,Cases
232,3,,NA,NA,NA,NO,,AVES,Pica,serica,Cases
233,3,,NA,NA,NA,NO,,AVES,Pica,serica,Cases
234,3,,NA,NA,NA,NO,,AVES,Pica,serica,Cases
235,3,,NA,NA,NA,NO,,AVES,Pica,serica,Cases
236,3,,Male,Juvenile,NA,NO,,REPTILIA,Malayopython ,reticulatus,Handing over / Release
237,3,I01,NA,NA,NA,,,REPTILIA,Iguana,iguana,
238,3,I02,NA,NA,NA,,,REPTILIA,Iguana,iguana,
239,3,MLZ01,NA,NA,NA,,,REPTILIA,Varanus,varius,
240,3,BD01,NA,NA,NA,,,REPTILIA,Pongona,sp.,Confiscated
241,3,BD02,NA,NA,NA,,,REPTILIA,Pongona,sp.,Confiscated
242,3,BD03,NA,NA,NA,,,REPTILIA,Pongona,sp.,Confiscated
243,3,BD04,NA,NA,NA,,,REPTILIA,Pongona,sp.,Confiscated
244,3,BD05,NA,NA,NA,,,REPTILIA,Pongona,sp.,Confiscated
245,3,BD06,NA,NA,NA,,,REPTILIA,Pongona,sp.,Confiscated
246,3,BD07,NA,NA,NA,,,REPTILIA,Pongona,sp.,Confiscated
247,3,BTU,NA,NA,NA,,,REPTILIA,Crocodylus,porosus,Handing over / Release
248,3,,NA,NA,NA,,,REPTILIA,Crocodylus,porosus,Handing over / Release
249,3,,NA,NA,NA,,,REPTILIA,Crocodylus,porosus,Handing over / Release
250,3,,NA,NA,NA,,,REPTILIA,Crocodylus,porosus,Handing over / Release
251,3,,NA,NA,NA,,,REPTILIA,Crocodylus,porosus,Handing over / Release
252,3,,NA,NA,NA,,,REPTILIA,Crocodylus,porosus,Handing over / Release
253,3,,NA,NA,NA,,,REPTILIA,Crocodylus,porosus,Handing over / Release
254,3,,NA,NA,NA,,,REPTILIA,Crocodylus,porosus,Handing over / Release
255,3,,NA,NA,NA,,,REPTILIA,Crocodylus,porosus,Handing over / Release
256,3,,NA,NA,NA,,,REPTILIA,Crocodylus,porosus,Handing over / Release
257,3,,NA,NA,NA,,,REPTILIA,Crocodylus,porosus,Handing over / Release
258,3,KCH,Male,NA,NA,,,REPTILIA,Crocodylus,porosus,
259,3,,Female,NA,NA,,,REPTILIA,Crocodylus,porosus,
260,3,,Female,NA,NA,,,REPTILIA,Crocodylus,porosus,
261,3,,Female,NA,NA,,,REPTILIA,Crocodylus,porosus,
262,3,,Male,NA,NA,,,REPTILIA,Crocodylus,porosus,
263,3,,Female,NA,NA,,,REPTILIA,Tomistoma,schlegelii,
264,3,,Male,NA,NA,NO,,REPTILIA,Crocodylus,porosus,Stranded
265,3,,Male,NA,NA,,,REPTILIA,Crocodylus,porosus,
266,3,,Male,NA,NA,NO,,REPTILIA,Crocodylus,porosus,Stranded
267,3,,Female,NA,NA,NO,,REPTILIA,Crocodylus,porosus,Stranded
268,3,,Male,NA,NA,,,REPTILIA,Crocodylus,porosus,
269,3,,Female,NA,NA,,,REPTILIA,Tomistoma,schlegelii,
270,3,,Female,NA,NA,,,REPTILIA,Tomistoma,schlegelii,
271,3,,Female,NA,NA,,,REPTILIA,Tomistoma,schlegelii,
272,3,,Female,NA,NA,,,REPTILIA,Tomistoma,schlegelii,
273,3,,Female,NA,NA,,,REPTILIA,Tomistoma,schlegelii,
274,3,,Female,NA,NA,,,REPTILIA,Tomistoma,schlegelii,
275,3,,Female,NA,NA,NO,,REPTILIA,Crocodylus,porosus,Caught in Fish Net
276,3,,Female,NA,NA,NO,,REPTILIA,Crocodylus,porosus,Caught in Fish Net
277,3,,Male,NA,NA,,,REPTILIA,Crocodylus,porosus,
278,3,MYY,NA,NA,NA,,,REPTILIA,UNIDENTIFIED,UNIDENTIFIED,
279,3,,NA,NA,NA,,,REPTILIA,UNIDENTIFIED,UNIDENTIFIED,
280,3,,NA,NA,NA,,,REPTILIA,UNIDENTIFIED,UNIDENTIFIED,
281,3,,NA,NA,NA,,,REPTILIA,UNIDENTIFIED,UNIDENTIFIED,
282,3,,NA,NA,NA,,,REPTILIA,UNIDENTIFIED,UNIDENTIFIED,
283,3,,NA,NA,NA,,,REPTILIA,UNIDENTIFIED,UNIDENTIFIED,
284,3,,NA,NA,NA,,,REPTILIA,UNIDENTIFIED,UNIDENTIFIED,
285,3,,NA,NA,NA,,,REPTILIA,UNIDENTIFIED,UNIDENTIFIED,
286,3,,NA,NA,NA,,,REPTILIA,UNIDENTIFIED,UNIDENTIFIED,
287,3,,NA,NA,NA,,,REPTILIA,UNIDENTIFIED,UNIDENTIFIED,
288,3,,NA,NA,NA,,,REPTILIA,UNIDENTIFIED,UNIDENTIFIED,
289,3,,NA,NA,NA,,,REPTILIA,UNIDENTIFIED,UNIDENTIFIED,
290,3,SIBU,Male,NA,NA,,,REPTILIA,Crocodylus,porosus,
291,3,,Female,NA,NA,,,REPTILIA,Crocodylus,porosus,
292,3,,Male,NA,NA,,,REPTILIA,Crocodylus,porosus,
293,3,,Male,NA,NA,,,REPTILIA,Crocodylus,porosus,
294,3,,NA,NA,NA,,,REPTILIA,Crocodylus,porosus,
295,3,,Female,Adult,NA,,,REPTILIA,Crocodylus,porosus,
296,3,,Male,Adult,NA,,,REPTILIA,Crocodylus,porosus,
297,3,,Male,Adult,NA,,,REPTILIA,Crocodylus,porosus,
298,3,,Female,Adult,NA,,,REPTILIA,Crocodylus,porosus,
299,3,,Female,Adult,NA,,,REPTILIA,Crocodylus,porosus,
300,3,,Male,Adult,NA,,,REPTILIA,Crocodylus,porosus,
301,3,TDGT 0001,Female,Adult,NA,NO,FORENSIC LAB,REPTILIA,Chelonia,mydas,Biomaterial Specimen
302,3,TDGT 0002,NA,Juvenile,NA,NO,FORENSIC LAB,REPTILIA,Chelonia,mydas,Biomaterial Specimen
303,3,TDGT 0003,NA,Juvenile,NA,NO,FORENSIC LAB,REPTILIA,Chelonia,mydas,Biomaterial Specimen
304,3,TDGT 0004,NA,Juvenile,NA,NO,FORENSIC LAB,REPTILIA,Chelonia,mydas,Biomaterial Specimen
305,3,TDGT 0005,NA,Juvenile,NA,NO,FORENSIC LAB,REPTILIA,Chelonia,mydas,Biomaterial Specimen
306,3,TDGT 0006,NA,Juvenile,NA,NO,FORENSIC LAB,REPTILIA,Chelonia,mydas,Biomaterial Specimen
307,3,TDGT 0007,NA,Juvenile,NA,NO,FORENSIC LAB,REPTILIA,Chelonia,mydas,Biomaterial Specimen
308,3,TDGT 0008,NA,Juvenile,NA,NO,FORENSIC LAB,REPTILIA,Chelonia,mydas,Biomaterial Specimen
309,3,TDGT 0009,NA,Juvenile,NA,NO,FORENSIC LAB,REPTILIA,Chelonia,mydas,Biomaterial Specimen
310,3,TDGT 0010,NA,Juvenile,NA,NO,FORENSIC LAB,REPTILIA,Chelonia,mydas,Biomaterial Specimen
311,3,TDGT 0011,NA,Juvenile,NA,NO,FORENSIC LAB,REPTILIA,Chelonia,mydas,Biomaterial Specimen
312,3,TDGT 0012,NA,Juvenile,NA,NO,FORENSIC LAB,REPTILIA,Chelonia,mydas,Biomaterial Specimen
313,3,TDGT 0013,NA,Juvenile,NA,NO,FORENSIC LAB,REPTILIA,Chelonia,mydas,Biomaterial Specimen
314,3,TDGT 0014,NA,Juvenile,NA,NO,FORENSIC LAB,REPTILIA,Chelonia,mydas,Biomaterial Specimen
315,3,TDGT 0015,NA,Juvenile,NA,NO,FORENSIC LAB,REPTILIA,Chelonia,mydas,Biomaterial Specimen
316,3,TDGT 0016,NA,Juvenile,NA,NO,FORENSIC LAB,REPTILIA,Chelonia,mydas,Biomaterial Specimen
317,3,TDGT 0017,NA,Juvenile,NA,NO,FORENSIC LAB,REPTILIA,Chelonia,mydas,Biomaterial Specimen
318,3,TDGT 0018,NA,Juvenile,NA,NO,FORENSIC LAB,REPTILIA,Chelonia,mydas,Biomaterial Specimen
319,3,TDGT 0019,NA,Juvenile,NA,NO,FORENSIC LAB,REPTILIA,Chelonia,mydas,Biomaterial Specimen
320,3,TDGT 0020,NA,Juvenile,NA,NO,FORENSIC LAB,REPTILIA,Chelonia,mydas,Biomaterial Specimen
321,3,TDGT 0021,NA,Juvenile,NA,NO,FORENSIC LAB,REPTILIA,Chelonia,mydas,Biomaterial Specimen
322,3,TDGT 0022,NA,Juvenile,NA,NO,FORENSIC LAB,REPTILIA,Chelonia,mydas,Biomaterial Specimen
323,3,TDGT 0023,NA,Juvenile,NA,NO,FORENSIC LAB,REPTILIA,Chelonia,mydas,Biomaterial Specimen
324,3,TDGT 0024,NA,Juvenile,NA,NO,FORENSIC LAB,REPTILIA,Chelonia,mydas,Biomaterial Specimen
325,3,TDGT 0025,NA,Juvenile,NA,NO,FORENSIC LAB,REPTILIA,Chelonia,mydas,Biomaterial Specimen
326,3,TDGT 0026,NA,Juvenile,NA,NO,FORENSIC LAB,REPTILIA,Chelonia,mydas,Biomaterial Specimen
327,3,TDGT 0027,NA,Juvenile,NA,NO,FORENSIC LAB,REPTILIA,Chelonia,mydas,Biomaterial Specimen
328,3,TDGT 0028,NA,Juvenile,NA,NO,FORENSIC LAB,REPTILIA,Chelonia,mydas,Biomaterial Specimen
329,3,TDGT 0029,NA,Juvenile,NA,NO,FORENSIC LAB,REPTILIA,Chelonia,mydas,Biomaterial Specimen
330,3,TDGT 0030,NA,Juvenile,NA,NO,FORENSIC LAB,REPTILIA,Chelonia,mydas,Biomaterial Specimen
331,3,TDGT 0031,NA,Juvenile,NA,NO,FORENSIC LAB,REPTILIA,Chelonia,mydas,Biomaterial Specimen
332,3,TDGT 0032,Female,Adult,NA,NO,FORENSIC LAB,REPTILIA,Chelonia,mydas,Biomaterial Specimen
333,3,TDHB 0001,NA,Juvenile,NA,NO,FORENSIC LAB,REPTILIA,Eretmochelys,imbricata,Biomaterial Specimen
334,3,TDHB 0002,NA,Juvenile,NA,NO,FORENSIC LAB,REPTILIA,Eretmochelys,imbricata,Biomaterial Specimen
335,3,TDHB 0003,NA,Juvenile,NA,NO,FORENSIC LAB,REPTILIA,Eretmochelys,imbricata,Biomaterial Specimen
336,3,TDHB 0004,NA,Juvenile,NA,NO,FORENSIC LAB,REPTILIA,Eretmochelys,imbricata,Biomaterial Specimen
337,3,TDHB 0005,NA,Juvenile,NA,NO,FORENSIC LAB,REPTILIA,Eretmochelys,imbricata,Biomaterial Specimen
338,3,TDHB 0006,NA,Juvenile,NA,NO,FORENSIC LAB,REPTILIA,Eretmochelys,imbricata,Biomaterial Specimen
339,3,TDHB 0007,NA,Juvenile,NA,NO,FORENSIC LAB,REPTILIA,Eretmochelys,imbricata,Biomaterial Specimen
340,3,TDHB 0008,NA,Juvenile,NA,NO,FORENSIC LAB,REPTILIA,Eretmochelys,imbricata,Biomaterial Specimen
341,3,TDHB 0009,NA,Juvenile,NA,NO,FORENSIC LAB,REPTILIA,Eretmochelys,imbricata,Biomaterial Specimen
342,3,TDHB 0010,NA,Juvenile,NA,NO,FORENSIC LAB,REPTILIA,Eretmochelys,imbricata,Biomaterial Specimen
343,3,TDHB 0011,NA,Juvenile,NA,NO,FORENSIC LAB,REPTILIA,Eretmochelys,imbricata,Biomaterial Specimen
344,3,TDHB 0012,NA,Juvenile,NA,NO,FORENSIC LAB,REPTILIA,Eretmochelys,imbricata,Biomaterial Specimen
345,3,TDHB 0013,NA,Juvenile,NA,NO,FORENSIC LAB,REPTILIA,Eretmochelys,imbricata,Biomaterial Specimen
346,3,TDHB 0014,NA,Juvenile,NA,NO,FORENSIC LAB,REPTILIA,Eretmochelys,imbricata,Biomaterial Specimen
347,3,TBGT 0001,Female,Adult,NA,NO,FORENSIC LAB,REPTILIA,Chelonia,mydas,Biomaterial Specimen
348,3,TBGT 0002,Female,Adult,NA,NO,FORENSIC LAB,REPTILIA,Chelonia,mydas,Biomaterial Specimen
349,3,TBGT 0003,Female,Adult,NA,NO,FORENSIC LAB,REPTILIA,Chelonia,mydas,Biomaterial Specimen
350,3,TBGT 0004,Female,Adult,NA,NO,FORENSIC LAB,REPTILIA,Chelonia,mydas,Biomaterial Specimen
351,3,TBGT 0005,Female,Adult,NA,NO,FORENSIC LAB,REPTILIA,Chelonia,mydas,Biomaterial Specimen
352,3,TBGT 0006,Female,Adult,NA,NO,FORENSIC LAB,REPTILIA,Chelonia,mydas,Biomaterial Specimen
353,3,TBGT 0007,Female,Adult,NA,NO,FORENSIC LAB,REPTILIA,Chelonia,mydas,Biomaterial Specimen
354,3,TBGT 0008,Female,Adult,NA,NO,FORENSIC LAB,REPTILIA,Chelonia,mydas,Biomaterial Specimen
355,3,TBGT 0009,Female,Adult,NA,NO,FORENSIC LAB,REPTILIA,Chelonia,mydas,Biomaterial Specimen
356,3,TBGT 0010,NA,Juvenile,NA,NO,FORENSIC LAB,REPTILIA,Chelonia,mydas,Biomaterial Specimen
357,3,TBGT 0011,NA,Juvenile,NA,NO,FORENSIC LAB,REPTILIA,Chelonia,mydas,Biomaterial Specimen
358,3,TBGT 0012,NA,Juvenile,NA,NO,FORENSIC LAB,REPTILIA,Chelonia,mydas,Biomaterial Specimen
359,3,TBGT 0013,NA,Juvenile,NA,NO,FORENSIC LAB,REPTILIA,Chelonia,mydas,Biomaterial Specimen
360,3,TBGT 0014,NA,Juvenile,NA,NO,FORENSIC LAB,REPTILIA,Chelonia,mydas,Biomaterial Specimen
361,3,TBGT 0015,NA,Juvenile,NA,NO,FORENSIC LAB,REPTILIA,Chelonia,mydas,Biomaterial Specimen
362,3,TBGT 0016,NA,Juvenile,NA,NO,FORENSIC LAB,REPTILIA,Chelonia,mydas,Biomaterial Specimen
363,3,TBGT 0017,NA,Juvenile,NA,NO,FORENSIC LAB,REPTILIA,Chelonia,mydas,Biomaterial Specimen
364,3,TBGT 0018,NA,Juvenile,NA,NO,FORENSIC LAB,REPTILIA,Chelonia,mydas,Biomaterial Specimen
365,3,TBGT 0019,NA,Juvenile,NA,NO,FORENSIC LAB,REPTILIA,Chelonia,mydas,Biomaterial Specimen
366,3,TBGT 0020,NA,Juvenile,NA,NO,FORENSIC LAB,REPTILIA,Chelonia,mydas,Biomaterial Specimen
367,3,TBGT 0021,NA,Juvenile,NA,NO,FORENSIC LAB,REPTILIA,Chelonia,mydas,Biomaterial Specimen
368,3,TBGT 0022,NA,Juvenile,NA,NO,FORENSIC LAB,REPTILIA,Chelonia,mydas,Biomaterial Specimen
369,3,TBGT 0023,NA,Juvenile,NA,NO,FORENSIC LAB,REPTILIA,Chelonia,mydas,Biomaterial Specimen
370,3,PBGT 0001,NA,Juvenile,20,NO,FORENSIC LAB,REPTILIA,Chelonia,mydas,Stranded
371,3,PDHB 0001,NA,Juvenile,NA,YES,FORENSIC LAB,REPTILIA,Eretmochelys,imbricata,Stranded
372,3,PTGT 0001,NA,Adult,70,NO,FORENSIC LAB,REPTILIA,Chelonia,mydas,Stranded
373,3,,NA,NA,NA,,,MAMMALIA,Manis,javanica,Handing over / Release
374,3,SWK22_001,NA,NA,247.6,NO,,REPTILIA,Gonyosoma ,oxycephalum,From Researcher
375,3,SWK22_002,NA,NA,74.6,NO,,MAMMALIA,Callosciurus,notatus,From Researcher
376,3,SWK22_003,NA,NA,0.8,YES,,AMPHIBIA,Charcorana,cf. raniceps,From Researcher
377,3,SWK22_004,NA,NA,0.5,YES,,AMPHIBIA,Microhyla,borneensis,From Researcher
378,3,SWK22_005,NA,NA,18.5,YES,,AMPHIBIA,Limnonectes,kong,From Researcher
379,3,SWK22_006,NA,NA,13.2,YES,,AMPHIBIA,Limnonectes,kong,From Researcher
380,3,SWK22_007,NA,NA,17.5,YES,,AMPHIBIA,Limnonectes,kong,From Researcher
381,3,SWK22_008,NA,NA,5.3,YES,,AMPHIBIA,Leptolalax ,gracilis,From Researcher
382,3,SWK22_009,NA,NA,2.1,YES,,REPTILIA,Cnemaspis,kendalli,From Researcher
383,3,SWK22_010,NA,NA,4.8,YES,,REPTILIA,Phoxophrys ,cf. nigrilabris,From Researcher
384,3,SWK22_011,NA,NA,18.6,YES,,AMPHIBIA,Limnonectes,kong,From Researcher
385,3,SWK22_012,NA,NA,0.4,YES,,AMPHIBIA,Pelophryne,signata,From Researcher
386,3,SWK22_013,NA,NA,0.6,YES,,AMPHIBIA,Pelophryne,signata,From Researcher
387,3,SWK22_014,NA,NA,0.4,YES,,AMPHIBIA,Pelophryne,signata,From Researcher
388,3,SWK22_015,NA,NA,12.7,YES,,AMPHIBIA,Leptobrachium,montanum,From Researcher
389,3,SWK22_016,NA,NA,7.7,YES,,AMPHIBIA,Leptobrachium ,ingeri,From Researcher
390,3,SWK22_017,NA,NA,3.1,YES,,AMPHIBIA,Leptobrachium ,ingeri,From Researcher
391,3,SWK22_018,NA,NA,8.2,YES,,AMPHIBIA,Kalophrynus ,meizon,From Researcher
392,3,SWK22_019,NA,NA,23.8,YES,,REPTILIA,Cyrtodactylus ,consobrinus,From Researcher
393,3,SWK22_020,NA,NA,1.5,YES,,REPTILIA,Cyrtodactylus ,consobrinus,From Researcher
394,3,SWK22_021,NA,NA,3.2,YES,,REPTILIA,Cnemaspis,kendalli,From Researcher
395,3,SWK22_022,NA,NA,2.8,YES,,REPTILIA,Cnemaspis,kendalli,From Researcher
396,3,SWK22_023,NA,NA,8,YES,,REPTILIA,Gekko,monarchus,From Researcher
397,3,SWK22_024,NA,NA,NA,YES,,INSECTA,Diptera,sp.,From Researcher
398,3,SWK22_025,NA,NA,NA,NO,,AMPHIBIA,UNIDENTIFIED,UNIDENTIFIED,From Researcher
399,3,SWK22_026,NA,NA,NA,YES,,AMPHIBIA,UNIDENTIFIED,UNIDENTIFIED,From Researcher
400,3,SWK22_027,NA,NA,0.9,YES,,REPTILIA,UNIDENTIFIED,UNIDENTIFIED,From Researcher
401,3,SWK22_028,NA,NA,NA,YES,,REPTILIA,Eutropis ,multifasciata,From Researcher
402,3,SWK22_029,NA,NA,1.7,YES,,AMPHIBIA,Kalophrynus ,heterochirus,From Researcher
403,3,SWK22_030,NA,NA,NA,YES,,REPTILIA,Emoia ,atrocostata,From Researcher
404,3,SWK22_031,NA,NA,NA,YES,,AMPHIBIA,Microhyla ,borneensis,From Researcher
405,3,SWK22_032,NA,NA,NA,YES,,AMPHIBIA,Microhyla ,borneensis,From Researcher
406,3,SWK22_033,NA,NA,NA,YES,,AMPHIBIA,Microhyla ,borneensis,From Researcher
407,3,SWK22_034,NA,NA,NA,YES,,AMPHIBIA,Microhyla ,borneensis,From Researcher
408,3,SWK22_035,NA,NA,52.2,YES,,AMPHIBIA,Duttaphrynus ,melanostictus,From Researcher
409,3,SWK22_036,NA,NA,NA,YES,,REPTILIA,UNIDENTIFIED,UNIDENTIFIED,From Researcher
410,3,SWK22_037,NA,NA,NA,YES,,REPTILIA,UNIDENTIFIED,UNIDENTIFIED,From Researcher
411,3,SWK22_038,NA,NA,NA,YES,,REPTILIA,UNIDENTIFIED,UNIDENTIFIED,From Researcher
412,3,SWK22_039,NA,NA,NA,YES,,REPTILIA,Indotyphlops ,braminus,From Researcher
413,3,SWK22_040,NA,NA,NA,YES,,REPTILIA,Pseudorabdion ,longiceps,From Researcher
414,3,SWK22_041,NA,NA,NA,YES,,REPTILIA,Rhabdophis conspicillatus,conspicillatus,From Researcher
415,3,SWK22_042,NA,NA,NA,NO,,REPTILIA,Ahaetulla ,prasina,From Researcher
416,3,SWK22_043,NA,NA,NA,YES,,REPTILIA,Ahaetulla ,prasina,From Researcher
417,3,SWK22_044,NA,NA,3.1,YES,,AMPHIBIA,Charcorana,cf. raniceps,From Researcher
418,3,SWK22_045,NA,NA,NA,YES,,AMPHIBIA,Polypedates ,colletti,From Researcher
419,3,SWK22_046,NA,NA,1.8,YES,,REPTILIA,UNIDENTIFIED,UNIDENTIFIED,From Researcher
420,3,SWK22_047,NA,NA,0.6,YES,,REPTILIA,UNIDENTIFIED,UNIDENTIFIED,From Researcher
421,3,SWK22_048,NA,NA,4.6,YES,,AMPHIBIA,Polypedates ,leucomystax,From Researcher
422,3,SWK22_049,NA,NA,2.6,YES,,AMPHIBIA,Staurois ,guttatus,From Researcher
423,3,SWK22_050,NA,NA,NA,YES,,AMPHIBIA,Gastrophrynoides ,borneensis,From Researcher
424,3,SWK22_051,NA,NA,0.2,YES,,REPTILIA,Indotyphlops ,braminus,From Researcher
425,3,SWK22_052,NA,NA,NA,YES,,REPTILIA,Calamaria,sp.,From Researcher
426,3,SWK22_053,NA,NA,NA,NO,,INSECTA,UNIDENTIFIED,UNIDENTIFIED,From Researcher
427,3,SWK22_054,NA,NA,8.7,YES,,AMPHIBIA,Chalcorana ,sp.,From Researcher
428,3,SWK22_055,NA,NA,4.2,YES,,REPTILIA,Phoxophrys ,sp.,From Researcher
429,3,SWK22_056,NA,NA,6.1,YES,,REPTILIA,Tropidophorus ,brookei,From Researcher
430,3,SWK22_057,NA,NA,8.6,YES,,AMPHIBIA,Leptobrachium ,montanum,From Researcher
431,3,SWK22_058,NA,NA,3,YES,,REPTILIA,Hemidactylus ,craspedotus,From Researcher
432,3,SWK22_059,NA,NA,4.8,YES,,REPTILIA,Sphenomorphus ,sp.,From Researcher
433,3,SWK22_060,NA,NA,2,YES,,REPTILIA,Sphenomorphus ,sp.,From Researcher
434,3,SWK22_061,NA,NA,18.3,YES,,AMPHIBIA,Polypedates ,macrotis,From Researcher
435,3,SWK22_062,NA,NA,2.4,YES,,AMPHIBIA,Philautus ,cf kerangae,From Researcher
436,3,SWK22_063,NA,NA,3.1,YES,,REPTILIA,Phoxophrys ,sp.,From Researcher
437,3,SWK22_064,NA,NA,1.8,YES,,REPTILIA,Bronchochella ,sp.,From Researcher
438,3,SWK22_065,NA,NA,4.1,YES,,AMPHIBIA,Ansonia ,leptopus,From Researcher
439,3,SWK22_066,NA,NA,6.1,YES,,REPTILIA,Phoxophrys ,sp.,From Researcher
440,3,SWK22_067,NA,NA,6.6,YES,,REPTILIA,Sibynophis ,melanocephalus,From Researcher
441,3,SWK22_068,NA,NA,4.2,YES,,REPTILIA,Oligodon ,purpurascens,From Researcher
442,3,SWK22_069,NA,NA,NA,YES,,REPTILIA,Pseudorabdion ,sp.,From Researcher
443,3,SWK22_070,NA,NA,NA,YES,,REPTILIA,Cnemaspis ,kendalli,From Researcher
444,3,SWK22_071,NA,NA,NA,YES,,AMPHIBIA,Kalophrynus ,heterochirus,From Researcher
445,3,SWK22_072,NA,NA,NA,YES,,AMPHIBIA,Megophrys ,nasuta,From Researcher
446,3,SWK22_073,NA,NA,2.4,YES,,AMPHIBIA,Rhabdophis ,conspicillatus,From Researcher
447,3,SWK22_074,NA,NA,10.2,YES,,REPTILIA,Lycodon ,effraenis,From Researcher
448,3,SWK22_075,NA,NA,2,YES,,REPTILIA,Macropisthodon ,rhodomelas,From Researcher
449,3,SWK22_076,NA,NA,18,YES,,REPTILIA,Ptychozoon ,kuhli,From Researcher
450,3,SWK22_077,NA,NA,22.3,YES,,REPTILIA,Dendrelaphis ,formosus,From Researcher
451,3,SWK22_078,NA,NA,NA,YES,,AMPHIBIA,UNIDENTIFIED,UNIDENTIFIED,From Researcher
452,3,SWK22_079,NA,NA,NA,YES,,AMPHIBIA,UNIDENTIFIED,UNIDENTIFIED,From Researcher
453,3,SWK22_080,NA,NA,0.7,YES,,AMPHIBIA,Pelophryne ,saravacensis,From Researcher
454,3,SWK22_081,NA,NA,NA,NO,,UNIDENTIFIED,Feces,UNIDENTIFIED,From Researcher
455,3,SWK23-124,Female,NA,NA,NO,,AMPHIBIA,Leptolalax ,gracilis,From Researcher
456,3,SWK23-125,Male,NA,NA,NO,,AMPHIBIA,Leptobrachella ,mjobergi,From Researcher
457,3,SWK23-126,NA,Juvenile,NA,NO,,AMPHIBIA,Nyctixalus ,pictus,From Researcher
458,3,SWK23-127,Female,NA,NA,NO,,AMPHIBIA,Nyctixalus ,pictus,From Researcher
459,3,SWK23-128,Male,NA,NA,NO,,AMPHIBIA,Limnonectes ,cf. conspicillatus,From Researcher
460,3,SWK23-129,Male,NA,NA,NO,,AMPHIBIA,Limnonectes ,palavanensis,From Researcher
461,3,SWK23-130,Male,NA,NA,NO,,AMPHIBIA,Kalophrynus heterochirus,heterochirus,From Researcher
462,3,SWK23-131,Female,NA,NA,NO,,AMPHIBIA,Microhyla ,malang,From Researcher
463,3,SWK23-132,NA,NA,NA,NO,,REPTILIA,Gonocepharus ,doriae,From Researcher
464,3,SWK23-133,NA,NA,NA,NO,,REPTILIA,Gonocepharus ,liogaster,From Researcher
465,3,SWK23-134,NA,NA,NA,NO,,REPTILIA,Aeluroscalabotes ,felinus,From Researcher
466,3,SWK23-135,NA,NA,NA,NO,,REPTILIA,Gekko (Ptycozoon) ,cf. kuhli,From Researcher
467,3,SWK23-136,Female,NA,NA,NO,,REPTILIA,Craspedocepharus ,bornensis,From Researcher
468,3,SWK23-137,Male,NA,NA,NO,,REPTILIA,Pelturagonia ,nigrilabris,From Researcher
469,3,SWK23-138,Male,NA,NA,YES,,AMPHIBIA,Leptobrachella ,mjobergi,From Researcher
470,3,SWK23-139,Female,NA,NA,YES,,AMPHIBIA,Leptobrachella ,mjobergi,From Researcher
471,3,SWK23-140,NA,NA,NA,NO,,UNIDENTIFIED,UNIDENTIFIED,UNIDENTIFIED,From Researcher
472,3,SWK23-141,NA,NA,NA,NO,,UNIDENTIFIED,UNIDENTIFIED,UNIDENTIFIED,From Researcher
473,3,SWK23-142,Male,NA,NA,NO,,AMPHIBIA,Megophrys ,nasuta,From Researcher
474,3,SWK23-143,Male,NA,NA,NO,,AMPHIBIA,Leptolalax ,marmoratus,From Researcher
475,3,SWK23-144,Male,NA,NA,NO,,AMPHIBIA,Leptolalax ,gracilis,From Researcher
476,3,SWK23-145,Female,NA,NA,NO,,AMPHIBIA,Leptobrachium ,cf. montanum,From Researcher
477,3,SWK23-146,Male,NA,NA,NO,,AMPHIBIA,Limnonectes ,hikidai,From Researcher
478,3,SWK23-147,NA,Juvenile,NA,NO,,AMPHIBIA,Limnonectes ,malesianus,From Researcher
479,3,SWK23-148,Female,NA,NA,NO,,AMPHIBIA,Ingerophrynus,divergens,From Researcher
480,3,SWK23-149,Male,NA,NA,NO,,AMPHIBIA,Pelophryne ,cf. signata,From Researcher
481,3,SWK23-150,Female,NA,NA,NO,,AMPHIBIA,Philautus ,tectus,From Researcher
482,3,SWK23-151,NA,Larva,NA,NO,,AMPHIBIA,Meristogenys,cf. jerboa,From Researcher
483,3,SWK23-152,NA,Larva,NA,NO,,AMPHIBIA,Meristogenys ,cf. penrissenensis,From Researcher
484,3,SWK23-153,NA,Larva,NA,NO,,AMPHIBIA,Chalcorana sp.,sp.,From Researcher
485,3,SWK23-154,NA,Larva,NA,NO,,AMPHIBIA,Limnonectes ,cf. hikidai,From Researcher
486,3,SWK23-155,NA,Larva,NA,NO,,AMPHIBIA,Megophrys sp.,sp.,From Researcher
487,3,SWK23-156,NA,Larva,NA,NO,,AMPHIBIA,Ichthyophis sp.,sp.,From Researcher
488,3,SWK23-157,Male,NA,NA,NO,,REPTILIA,Cnemaspis ,nigridia,From Researcher
489,3,SWK23-158,NA,NA,NA,NO,,REPTILIA,Gekko (Ptycozoon) ,cf. kuhli,From Researcher
490,3,SWK23-159,Female,NA,NA,NO,,REPTILIA,Aeluroscalabotes ,felinus,From Researcher
491,3,SWK23-160,NA,NA,NA,NO,,UNIDENTIFIED,UNIDENTIFIED,UNIDENTIFIED,From Researcher
492,3,SWK23-161,NA,NA,NA,NO,,UNIDENTIFIED,UNIDENTIFIED,UNIDENTIFIED,From Researcher
493,3,SWK23-162,NA,NA,NA,NO,,UNIDENTIFIED,UNIDENTIFIED,UNIDENTIFIED,From Researcher
494,3,SWK23-163,Female,NA,NA,NO,,AMPHIBIA,Kalophrynus,cf. punctatus,From Researcher
495,3,SWK23-164,Female,NA,NA,NO,,AMPHIBIA,Kalophrynus,cf. punctatus,From Researcher
496,3,SWK23-165,Female,NA,NA,NO,,AMPHIBIA,Kalophrynus ,meizon,From Researcher
497,3,SWK23-166,Female,NA,NA,NO,,AMPHIBIA,Leptolalax ,gracilis,From Researcher
498,3,SWK23-167,Female,NA,NA,NO,,AMPHIBIA,Leptolalax ,gracilis,From Researcher
499,3,SWK23-168,Female,NA,NA,NO,,AMPHIBIA,Kalophrynus,cf. punctatus,From Researcher
500,3,SWK23-169,Male,NA,NA,NO,,AMPHIBIA,Kalophrynus ,meizon,From Researcher
501,3,SWK23-170,NA,NA,NA,NO,,AMPHIBIA,Limnonectes ,hikidai,From Researcher
502,3,SWK23-171,NA,NA,NA,NO,,AMPHIBIA,Limnonectes ,palavanensis,From Researcher
503,3,SWK23-172,NA,NA,NA,NO,,AMPHIBIA,Occidozyga ,cf. sumatrana,From Researcher
504,3,SWK23-173,Female,NA,NA,NO,,AMPHIBIA,Staurois ,guttatus,From Researcher
505,3,SWK23-174,Male,NA,NA,NO,,AMPHIBIA,Meristogenys,jerboa,From Researcher
506,3,SWK23-175,Female,NA,NA,NO,,AMPHIBIA,Chalcorana ,megalonesa,From Researcher
507,3,SWK23-176,Male,NA,NA,YES,,AMPHIBIA,Leptobrachium ,cf. montanum,From Researcher
508,3,SWK23-177,Male,NA,NA,YES,,AMPHIBIA,Leptobrachium ,cf. montanum,From Researcher
509,3,SWK23-178,NA,Larva,NA,NO,,AMPHIBIA,Leptobrachium ,sp.,From Researcher
510,3,SWK23-179,Female,NA,NA,NO,,AMPHIBIA,Limnonectes ,paramacrodon,From Researcher
511,3,SWK23-180,Male,NA,NA,NO,,AMPHIBIA,Leptobrachella ,mjobergi,From Researcher
512,3,SWK23-181,NA,NA,NA,NO,,REPTILIA,Pelturagonia,nigrilabris,From Researcher
513,3,SWK23-182,NA,NA,NA,NO,,REPTILIA,Calliophis ,intestinalis,From Researcher
514,3,SWK23-183,NA,NA,NA,NO,,REPTILIA,Pelturagonia,nigrilabris,From Researcher
515,3,SWK23-184,NA,NA,NA,NO,,REPTILIA,Cnemaspis ,sp.,From Researcher
516,3,SWK23-185,NA,NA,NA,NO,,REPTILIA,Cnemaspis ,sp.,From Researcher
517,3,SWK23-186,NA,NA,NA,NO,,REPTILIA,Cnemaspis ,sp.,From Researcher
518,3,SWK23-187,NA,NA,NA,NO,,REPTILIA,Cnemaspis ,sp.,From Researcher
519,3,SWK23-188,NA,NA,NA,NO,,REPTILIA,Cnemaspis ,sp.,From Researcher
520,3,SWK23-189,NA,NA,NA,NO,,REPTILIA,Cnemaspis ,cf. kendallii,From Researcher
521,3,SWK23-190,NA,NA,NA,NO,,REPTILIA,Cnemaspis ,cf. kendallii,From Researcher
522,3,SWK23-191,NA,NA,NA,NO,,REPTILIA,Cnemaspis ,cf. kendallii,From Researcher
523,3,SWK23-192,NA,NA,NA,NO,,REPTILIA,Cnemaspis ,cf. kendallii,From Researcher
524,3,SWK23-193,NA,NA,NA,NO,,UNIDENTIFIED,UNIDENTIFIED,UNIDENTIFIED,From Researcher
525,3,SWK23-194,NA,NA,NA,NO,,UNIDENTIFIED,UNIDENTIFIED,UNIDENTIFIED,From Researcher
526,3,SWK23-195,NA,NA,NA,NO,,UNIDENTIFIED,UNIDENTIFIED,UNIDENTIFIED,From Researcher
527,3,SWK23-196,NA,NA,NA,NO,,UNIDENTIFIED,UNIDENTIFIED,UNIDENTIFIED,From Researcher
528,3,SWK23-197,NA,NA,NA,NO,,REPTILIA,Cnemaspis ,leucura,From Researcher
529,3,SWK23-198,NA,NA,NA,NO,,REPTILIA,Cnemaspis ,leucura,From Researcher
530,3,SWK23-199,NA,NA,NA,NO,,REPTILIA,Cnemaspis ,leucura,From Researcher
531,3,SWK23-200,NA,NA,NA,NO,,REPTILIA,Cnemaspis ,leucura,From Researcher
532,3,SWK23-201,Female,NA,NA,NO,,REPTILIA,Xenochrophis ,trianguligerus,From Researcher
533,3,SWK23-202,Male,NA,NA,NO,,AMPHIBIA,Limnonectes ,kong,From Researcher
534,3,SWK23-203,Male,Juvenile,NA,NO,,AMPHIBIA,Limnonectes,leporinus,From Researcher
535,3,SWK23-204,Male,NA,NA,NO,,AMPHIBIA,Leptolalax ,sp. ,From Researcher
536,3,SWK23-205,Male,NA,NA,NO,,AMPHIBIA,Pulchrana ,picturata,From Researcher
537,3,SWK23-206,NA,Juvenile,NA,NO,,AMPHIBIA,Staurois ,guttatus,From Researcher
538,3,SWK23-207,NA,Larva,NA,NO,,AMPHIBIA,Ansonia ,sp.,From Researcher
539,3,SWK23-208,NA,Larva,NA,NO,,AMPHIBIA,Meristogenys ,cf. penrissenensis,From Researcher
540,3,SWK23-209,NA,Larva,NA,NO,,AMPHIBIA,Ichthyophis ,sp.,From Researcher
541,3,SWK23-210,NA,Larva,NA,NO,,AMPHIBIA,Ichthyophis ,sp.,From Researcher
542,3,SWK23-211,NA,Larva,NA,NO,,AMPHIBIA,Chalcorana ,sp.,From Researcher
543,3,SWK23-212,Male,NA,NA,NO,,REPTILIA,Gonocephalus ,liogaster,From Researcher
544,3,SWK23-213,Female,NA,NA,NO,,REPTILIA,Boiga ,cynodon,From Researcher
545,3,SWK23-214,NA,NA,NA,NO,,REPTILIA,Tropidophorus ,sp.,From Researcher
546,3,SWK23-215,Male,NA,NA,NO,,AMPHIBIA,Pulchrana ,picturata,From Researcher
547,3,SWK23-216,Male,NA,NA,NO,,AMPHIBIA,Pulchrana ,picturata,From Researcher
548,3,SWK23-217,Male,NA,NA,NO,,AMPHIBIA,Meristogenys ,jerboa,From Researcher
549,3,SWK23-218,Female,NA,NA,NO,,AMPHIBIA,Pulchrana ,baramica,From Researcher
550,3,SWK23-219,NA,NA,NA,NO,,AMPHIBIA,Kurixalus ,appendiculatus,From Researcher
551,3,SWK23-220,NA,Larva,NA,NO,,AMPHIBIA,Leptobrachium,sp.,From Researcher
552,3,SWK23-221,NA,Larva,NA,NO,,AMPHIBIA,Leptobrachium,sp.,From Researcher
553,3,SWK23-222,NA,Larva,NA,NO,,AMPHIBIA,Leptobrachium,sp.,From Researcher
554,3,SWK23-223,NA,Larva,NA,NO,,AMPHIBIA,Leptobrachium,sp.,From Researcher
555,3,SWK23-224,Male,NA,NA,YES,,AMPHIBIA,Leptolalax ,gracilis,From Researcher
556,3,SWK23-225,Male,NA,NA,YES,,AMPHIBIA,Leptobrachella ,mjobergi,From Researcher
557,3,SWK23-226,Male,NA,NA,NO,,AMPHIBIA,Pulchrana ,baramica,From Researcher
558,3,SWK23-227,Female,NA,NA,NO,,AMPHIBIA,Pulchrana ,laterimaculata,From Researcher
559,3,SWK23-228,Female,NA,NA,NO,,AMPHIBIA,Polypedates ,macrotis,From Researcher
560,3,SWK23-229,Male,NA,NA,NO,,AMPHIBIA,Ansonia ,spinulifer,From Researcher
561,3,SWK23-230,Female,NA,NA,NO,,AMPHIBIA,Limnonectes ,palavanensis,From Researcher
562,3,SWK23-231,Female,Juvenile,NA,NO,,AMPHIBIA,Metaphrynella ,sundana,From Researcher
563,3,SWK23-232,Female,NA,NA,NO,,AMPHIBIA,Kalophrynus heterochirus,heterochirus,From Researcher
564,3,SWK23-233,Female,Juvenile,NA,NO,,AMPHIBIA,Kalophrynus, cf. punctatus,From Researcher
565,3,SWK23-234,Male,NA,NA,NO,,AMPHIBIA,Leptobrachium,cf. montanum,From Researcher
566,3,SWK23-235,Male,NA,NA,YES,,AMPHIBIA,Leptobrachium,cf. montanum,From Researcher
567,3,SWK23-236,Male,NA,NA,NO,,AMPHIBIA,Cnemaspis,kendalli,From Researcher
568,3,SWK23-237,NA,NA,NA,NO,,REPTILIA,Gongylosoma ,baliodeirum,From Researcher
569,3,HM04,Female,Adult,40,No,FORENSIC LAB,MAMMALIA,Helarctos,malayanus,CaptivityBiomaterial Specimen
570,3,HM05,Female,Adult,39.7,No,FORENSIC LAB,MAMMALIA,Helarctos,malayanus,CaptivityBiomaterial Specimen
571,3,HM06,Female,Adult,40,No,FORENSIC LAB,MAMMALIA,Helarctos,malayanus,CaptivityBiomaterial Specimen
572,3,HM12,Female,Adult,34.1,No,FORENSIC LAB,MAMMALIA,Helarctos,malayanus,CaptivityBiomaterial Specimen
573,3,HM13,Female,Adult,28.8,No,FORENSIC LAB,MAMMALIA,Helarctos,malayanus,CaptivityBiomaterial Specimen
574,3,HM14,Female,Adult,38.5,No,FORENSIC LAB,MAMMALIA,Helarctos,malayanus,CaptivityBiomaterial Specimen
575,3,HM15,Female,Adult,28.2,No,FORENSIC LAB,MAMMALIA,Helarctos,malayanus,CaptivityBiomaterial Specimen
576,3,HM16,Male,Adult,48.8,No,FORENSIC LAB,MAMMALIA,Helarctos,malayanus,CaptivityBiomaterial Specimen
577,3,HM17,Male,Adult,47.9,No,FORENSIC LAB,MAMMALIA,Helarctos,malayanus,CaptivityBiomaterial Specimen
578,3,HM18,Male,Adult,38.8,No,FORENSIC LAB,MAMMALIA,Helarctos,malayanus,CaptivityBiomaterial Specimen
579,3,HM19,Female,Adult,38.8,No,FORENSIC LAB,MAMMALIA,Helarctos,malayanus,CaptivityBiomaterial Specimen
580,3,HM20,Female,Adult,40.2,No,FORENSIC LAB,MAMMALIA,Helarctos,malayanus,CaptivityBiomaterial Specimen
581,3,HM21,Female,Adult,36,No,FORENSIC LAB,MAMMALIA,Helarctos,malayanus,CaptivityBiomaterial Specimen
582,3,GK0001,NA,NA,NA,No,FORENSIC LAB,REPTILIA,UNIDENTIFIED,UNIDENTIFIED,CasesBiomaterial Specimen
583,3,GK0002,NA,NA,NA,No,FORENSIC LAB,REPTILIA,UNIDENTIFIED,UNIDENTIFIED,CasesBiomaterial Specimen
584,3,GK0003,NA,NA,NA,No,FORENSIC LAB,REPTILIA,UNIDENTIFIED,UNIDENTIFIED,CasesBiomaterial Specimen
585,3,GK0004,NA,NA,NA,No,FORENSIC LAB,REPTILIA,UNIDENTIFIED,UNIDENTIFIED,CasesBiomaterial Specimen
586,3,GK0005,NA,NA,NA,No,FORENSIC LAB,REPTILIA,UNIDENTIFIED,UNIDENTIFIED,CasesBiomaterial Specimen
587,3,BD0001,NA,NA,NA,No,FORENSIC LAB,REPTILIA,UNIDENTIFIED,UNIDENTIFIED,CasesBiomaterial Specimen
588,3,BT0001,NA,NA,NA,No,FORENSIC LAB,REPTILIA,UNIDENTIFIED,UNIDENTIFIED,CasesBiomaterial Specimen
589,3,AT0001,NA,NA,NA,No,FORENSIC LAB,REPTILIA,UNIDENTIFIED,UNIDENTIFIED,CasesBiomaterial Specimen
590,3,MN33,Male,Adult,NA,No,FORENSIC LAB,MAMMALIA,Macaca,nemestrina,CaptivityBiomaterial Specimen
591,3,MN34,Male,Adult,NA,No,FORENSIC LAB,MAMMALIA,Macaca,nemestrina,CaptivityBiomaterial Specimen
592,3,MN35,Male,Adult,NA,No,FORENSIC LAB,MAMMALIA,Macaca,nemestrina,CaptivityBiomaterial Specimen
593,3,MN36,Male,Adult,NA,No,FORENSIC LAB,MAMMALIA,Macaca,nemestrina,CaptivityBiomaterial Specimen
594,3,MN37,Male,Adult,NA,No,FORENSIC LAB,MAMMALIA,Macaca,nemestrina,CaptivityBiomaterial Specimen
595,3,MN38,Male,Adult,NA,No,FORENSIC LAB,MAMMALIA,Macaca,nemestrina,CaptivityBiomaterial Specimen
596,3,MN39,Male,Adult,NA,No,FORENSIC LAB,MAMMALIA,Macaca,nemestrina,CaptivityBiomaterial Specimen
597,3,SL06,Male,Adult,NA,No,FORENSIC LAB,MAMMALIA,Nycticebus,sp.,CaptivityBiomaterial Specimen
598,3,TC05,Female,Adult,NA,No,FORENSIC LAB,MAMMALIA,Trachypithecus,cristatus,RoadkillBiomaterial Specimen
599,3,KUHE 53065,Female,Adult,NA,,,AMPHIBIA,Limnonectes,barioensis,From Researcher
600,3,KUHE 42535,Female,Adult,NA,,,AMPHIBIA,Limnonectes,barioensis,From Researcher
601,3,KUHE 53091,Female,Adult,NA,,,AMPHIBIA,Limnonectes,barioensis,From Researcher
602,3,KUHE 53601,Male,Adult,0.0368,,,AMPHIBIA,Limnonectes,lambirensis,From Researcher
603,3,KUHE 53600,Female,Adult,0.0225g,,,AMPHIBIA,Limnonectes,lambirensis,From Researcher
604,3,KUHE 54427,Male,Adult,NA,,,AMPHIBIA,Limnonectes,penerisanensis,From Researcher
605,3,KUHE 53915,NA,Juvenile,0.0041g,,,AMPHIBIA,Limnonectes,penerisanensis,From Researcher
606,3,KUHE 54424,Female,Adult,NA,,,AMPHIBIA,Limnonectes,penerisanensis,From Researcher
607,3,KUHE 54467,Male,Adult,NA,,,AMPHIBIA,Limnonectes,penerisanensis,From Researcher
608,3,KUHE 17483,Male,Adult,NA,,,AMPHIBIA,Limnonectes,davidlabangi,From Researcher
609,3,KUHE 17443,Female,Adult,NA,,,AMPHIBIA,Limnonectes,davidlabangi,From Researcher
610,3,KUHE 17484,Female,Adult,NA,,,AMPHIBIA,Limnonectes,abanghamidi,From Researcher
611,3,KUHE 17453,Female,Juvenile,NA,,,AMPHIBIA,Limnonectes,abanghamidi,From Researcher
612,3,KUHE 12372,Female,Adult,NA,,,AMPHIBIA,Limnonectes,sarawakmontanus,From Researcher
613,3,KUHE 12371,Female,Juvenile,NA,,,AMPHIBIA,Limnonectes,sarawakmontanus,From Researcher
614,3,KUHE 12373,Female,Subadult,NA,,,AMPHIBIA,Limnonectes,sarawakmontanus,From Researcher
615,3,,Male,Subadult,48,,FORENSIC STORE,MAMMALIA,Orcaella,brevirostris,Caught in Fish Net
616,3,,Female,Adult,6,,FORENSIC STORE,MAMMALIA,Trachypithecus,cristatus,Roadkill
617,3,,Female,Juvenile,2.1,,FORENSIC STORE,MAMMALIA,Manis,javanica,Handing over / Release
618,3,,NA,Subadult,NA,,FORENSIC STORE,REPTILIA,Chelonia,mydas,Stranded
619,3,,NA,Adult,NA,,FORENSIC STORE,REPTILIA,Chelonia,mydas,Stranded
620,3,,NA,Subadult,1500,,FORENSIC STORE,MAMMALIA,Balaenoptera,brydei,Stranded
621,3,TDHB 0015,NA,Juvenile,NA,,FORENSIC STORE,REPTILIA,Eretmochelys,imbricata,Biomaterial Specimen
622,3,TDHB 0016,NA,Juvenile,NA,,FORENSIC STORE,REPTILIA,Eretmochelys,imbricata,Biomaterial Specimen
623,3,TDHB 0017,NA,Juvenile,NA,,FORENSIC STORE,REPTILIA,Eretmochelys,imbricata,Biomaterial Specimen
624,3,TDHB 0018,NA,Juvenile,NA,,FORENSIC STORE,REPTILIA,Eretmochelys,imbricata,Biomaterial Specimen
625,3,TDHB 0019,NA,Juvenile,NA,,FORENSIC STORE,REPTILIA,Eretmochelys,imbricata,Biomaterial Specimen
626,3,TDHB 0020,NA,Juvenile,NA,,FORENSIC STORE,REPTILIA,Eretmochelys,imbricata,Biomaterial Specimen
627,3,TDHB 0021,NA,Juvenile,NA,,FORENSIC STORE,REPTILIA,Eretmochelys,imbricata,Biomaterial Specimen
628,3,TDHB 0022,NA,Juvenile,NA,,FORENSIC STORE,REPTILIA,Eretmochelys,imbricata,Biomaterial Specimen
629,3,TDHB 0023,NA,Juvenile,NA,,FORENSIC STORE,REPTILIA,Eretmochelys,imbricata,Biomaterial Specimen
630,3,TDHB 0024,NA,Juvenile,NA,,FORENSIC STORE,REPTILIA,Eretmochelys,imbricata,Biomaterial Specimen
631,3,TDHB 0025,NA,Juvenile,NA,,FORENSIC STORE,REPTILIA,Eretmochelys,imbricata,Biomaterial Specimen
632,3,TDHB 0026,NA,Juvenile,NA,,FORENSIC STORE,REPTILIA,Eretmochelys,imbricata,Biomaterial Specimen
633,3,TDHB 0027,NA,Juvenile,NA,,FORENSIC STORE,REPTILIA,Eretmochelys,imbricata,Biomaterial Specimen
634,3,TDHB 0028,NA,Juvenile,NA,,FORENSIC STORE,REPTILIA,Eretmochelys,imbricata,Biomaterial Specimen
635,3,TDHB 0029,NA,Juvenile,NA,,FORENSIC STORE,REPTILIA,Eretmochelys,imbricata,Biomaterial Specimen
636,3,TDHB 0030,NA,Juvenile,NA,,FORENSIC STORE,REPTILIA,Eretmochelys,imbricata,Biomaterial Specimen
637,3,TDHB 0031,NA,Juvenile,NA,,FORENSIC STORE,REPTILIA,Eretmochelys,imbricata,Biomaterial Specimen
638,3,TDHB 0032,NA,Juvenile,NA,,FORENSIC STORE,REPTILIA,Eretmochelys,imbricata,Biomaterial Specimen
639,3,TDHB 0033,NA,Juvenile,NA,,FORENSIC STORE,REPTILIA,Eretmochelys,imbricata,Biomaterial Specimen
640,3,,Female,Adult,NA,,FORENSIC STORE,MAMMALIA,Neophocaena ,phocaenoides,Stranded
641,3,,NA,NA,NA,,FORENSIC STORE,REPTILIA,Chelonia,mydas,Stranded
642,3,,NA,NA,NA,,FORENSIC STORE,UNIDENTIFIED,UNIDENTIFIED,UNIDENTIFIED,
643,3,,NA,NA,NA,,FORENSIC STORE,UNIDENTIFIED,UNIDENTIFIED,UNIDENTIFIED,
644,3,,NA,NA,NA,,FORENSIC STORE,UNIDENTIFIED,UNIDENTIFIED,UNIDENTIFIED,
645,3,,NA,NA,NA,,FORENSIC STORE,UNIDENTIFIED,UNIDENTIFIED,UNIDENTIFIED,
646,3,,NA,NA,NA,,FORENSIC STORE,UNIDENTIFIED,UNIDENTIFIED,UNIDENTIFIED,
647,3,,NA,NA,NA,,FORENSIC STORE,UNIDENTIFIED,UNIDENTIFIED,UNIDENTIFIED,
648,3,,NA,NA,NA,,FORENSIC STORE,UNIDENTIFIED,UNIDENTIFIED,UNIDENTIFIED,
649,3,,NA,NA,NA,,FORENSIC STORE,UNIDENTIFIED,UNIDENTIFIED,UNIDENTIFIED,
650,3,,NA,NA,NA,,FORENSIC STORE,UNIDENTIFIED,UNIDENTIFIED,UNIDENTIFIED,
651,3,,NA,NA,NA,,FORENSIC STORE,UNIDENTIFIED,UNIDENTIFIED,UNIDENTIFIED,
652,3,,NA,NA,NA,,FORENSIC STORE,UNIDENTIFIED,UNIDENTIFIED,UNIDENTIFIED,
653,3,,NA,NA,NA,,FORENSIC STORE,UNIDENTIFIED,UNIDENTIFIED,UNIDENTIFIED,
654,3,,NA,NA,NA,,FORENSIC STORE,UNIDENTIFIED,UNIDENTIFIED,UNIDENTIFIED,
655,3,,NA,NA,NA,,FORENSIC STORE,UNIDENTIFIED,UNIDENTIFIED,UNIDENTIFIED,
656,3,,NA,NA,NA,,FORENSIC STORE,UNIDENTIFIED,UNIDENTIFIED,UNIDENTIFIED,
657,3,,NA,NA,NA,,FORENSIC STORE,UNIDENTIFIED,UNIDENTIFIED,UNIDENTIFIED,
658,3,,NA,NA,NA,,FORENSIC STORE,UNIDENTIFIED,UNIDENTIFIED,UNIDENTIFIED,
659,3,,NA,NA,NA,,FORENSIC STORE,UNIDENTIFIED,UNIDENTIFIED,UNIDENTIFIED,
660,3,,NA,NA,NA,,FORENSIC STORE,UNIDENTIFIED,UNIDENTIFIED,UNIDENTIFIED,
661,3,,NA,NA,NA,,FORENSIC STORE,UNIDENTIFIED,UNIDENTIFIED,UNIDENTIFIED,
662,3,,NA,NA,NA,,FORENSIC STORE,UNIDENTIFIED,UNIDENTIFIED,UNIDENTIFIED,
663,3,,NA,NA,NA,,FORENSIC STORE,UNIDENTIFIED,UNIDENTIFIED,UNIDENTIFIED,
664,3,,NA,NA,NA,,FORENSIC STORE,UNIDENTIFIED,UNIDENTIFIED,UNIDENTIFIED,
665,3,,NA,NA,NA,,FORENSIC STORE,UNIDENTIFIED,UNIDENTIFIED,UNIDENTIFIED,
666,3,,NA,NA,NA,,FORENSIC STORE,UNIDENTIFIED,UNIDENTIFIED,UNIDENTIFIED,
667,3,,NA,NA,NA,,FORENSIC STORE,UNIDENTIFIED,UNIDENTIFIED,UNIDENTIFIED,
668,3,,NA,NA,NA,,FORENSIC STORE,UNIDENTIFIED,UNIDENTIFIED,UNIDENTIFIED,
669,3,,NA,NA,NA,,FORENSIC STORE,UNIDENTIFIED,UNIDENTIFIED,UNIDENTIFIED,
670,3,,NA,NA,NA,,FORENSIC STORE,UNIDENTIFIED,UNIDENTIFIED,UNIDENTIFIED,
671,3,,NA,NA,NA,,FORENSIC STORE,UNIDENTIFIED,UNIDENTIFIED,UNIDENTIFIED,
672,3,,NA,NA,NA,,FORENSIC STORE,UNIDENTIFIED,UNIDENTIFIED,UNIDENTIFIED,
673,3,,NA,NA,NA,,FORENSIC STORE,UNIDENTIFIED,UNIDENTIFIED,UNIDENTIFIED,
674,3,,NA,NA,NA,,FORENSIC STORE,UNIDENTIFIED,UNIDENTIFIED,UNIDENTIFIED,
675,3,,NA,NA,NA,,FORENSIC STORE,UNIDENTIFIED,UNIDENTIFIED,UNIDENTIFIED,
676,3,,NA,NA,NA,,FORENSIC STORE,UNIDENTIFIED,UNIDENTIFIED,UNIDENTIFIED,
677,3,,NA,NA,NA,,FORENSIC STORE,UNIDENTIFIED,UNIDENTIFIED,UNIDENTIFIED,
678,3,,NA,NA,NA,,FORENSIC STORE,UNIDENTIFIED,UNIDENTIFIED,UNIDENTIFIED,
679,3,,NA,NA,NA,,FORENSIC STORE,UNIDENTIFIED,UNIDENTIFIED,UNIDENTIFIED,
680,3,,NA,NA,NA,,FORENSIC STORE,UNIDENTIFIED,UNIDENTIFIED,UNIDENTIFIED,
681,3,,NA,NA,NA,,FORENSIC STORE,UNIDENTIFIED,UNIDENTIFIED,UNIDENTIFIED,
682,3,,NA,NA,NA,,FORENSIC STORE,UNIDENTIFIED,UNIDENTIFIED,UNIDENTIFIED,
683,3,,NA,NA,NA,,FORENSIC STORE,UNIDENTIFIED,UNIDENTIFIED,UNIDENTIFIED,
684,3,,NA,NA,NA,,FORENSIC STORE,UNIDENTIFIED,UNIDENTIFIED,UNIDENTIFIED,
685,3,,NA,NA,NA,,FORENSIC STORE,UNIDENTIFIED,UNIDENTIFIED,UNIDENTIFIED,
686,3,,NA,NA,NA,,FORENSIC STORE,UNIDENTIFIED,UNIDENTIFIED,UNIDENTIFIED,
687,3,,NA,NA,NA,,FORENSIC STORE,UNIDENTIFIED,UNIDENTIFIED,UNIDENTIFIED,
688,3,,NA,NA,NA,,FORENSIC STORE,UNIDENTIFIED,UNIDENTIFIED,UNIDENTIFIED,
689,3,,NA,NA,NA,,FORENSIC STORE,UNIDENTIFIED,UNIDENTIFIED,UNIDENTIFIED,
690,3,,NA,NA,NA,,FORENSIC STORE,UNIDENTIFIED,UNIDENTIFIED,UNIDENTIFIED,
691,3,,NA,NA,NA,,FORENSIC STORE,UNIDENTIFIED,UNIDENTIFIED,UNIDENTIFIED,
692,3,,NA,NA,NA,,FORENSIC STORE,UNIDENTIFIED,UNIDENTIFIED,UNIDENTIFIED,
693,3,,NA,NA,NA,,FORENSIC STORE,UNIDENTIFIED,UNIDENTIFIED,UNIDENTIFIED,
694,3,,NA,NA,NA,,FORENSIC STORE,UNIDENTIFIED,UNIDENTIFIED,UNIDENTIFIED,
695,3,,NA,NA,NA,,FORENSIC STORE,UNIDENTIFIED,UNIDENTIFIED,UNIDENTIFIED,
696,3,,NA,NA,NA,,FORENSIC STORE,UNIDENTIFIED,UNIDENTIFIED,UNIDENTIFIED,
697,3,,NA,NA,NA,,FORENSIC STORE,UNIDENTIFIED,UNIDENTIFIED,UNIDENTIFIED,
698,3,,NA,NA,NA,,FORENSIC STORE,UNIDENTIFIED,UNIDENTIFIED,UNIDENTIFIED,
699,3,,NA,NA,NA,,FORENSIC STORE,UNIDENTIFIED,UNIDENTIFIED,UNIDENTIFIED,
700,3,,NA,NA,NA,,FORENSIC STORE,UNIDENTIFIED,UNIDENTIFIED,UNIDENTIFIED,
701,3,,NA,NA,NA,,FORENSIC STORE,UNIDENTIFIED,UNIDENTIFIED,UNIDENTIFIED,
702,3,,NA,NA,NA,,FORENSIC STORE,UNIDENTIFIED,UNIDENTIFIED,UNIDENTIFIED,
703,3,,NA,NA,NA,,FORENSIC STORE,UNIDENTIFIED,UNIDENTIFIED,UNIDENTIFIED,
704,3,,NA,NA,NA,,FORENSIC STORE,UNIDENTIFIED,UNIDENTIFIED,UNIDENTIFIED,
705,3,,NA,NA,NA,,FORENSIC STORE,UNIDENTIFIED,UNIDENTIFIED,UNIDENTIFIED,
706,3,,NA,NA,NA,,FORENSIC STORE,UNIDENTIFIED,UNIDENTIFIED,UNIDENTIFIED,
707,3,,NA,NA,NA,,FORENSIC STORE,UNIDENTIFIED,UNIDENTIFIED,UNIDENTIFIED,
708,3,,NA,NA,NA,,FORENSIC STORE,UNIDENTIFIED,UNIDENTIFIED,UNIDENTIFIED,
709,3,,NA,NA,NA,,FORENSIC STORE,UNIDENTIFIED,UNIDENTIFIED,UNIDENTIFIED,
710,3,,NA,NA,NA,,FORENSIC STORE,UNIDENTIFIED,UNIDENTIFIED,UNIDENTIFIED,
711,3,,NA,NA,NA,,FORENSIC STORE,UNIDENTIFIED,UNIDENTIFIED,UNIDENTIFIED,
712,3,,NA,NA,NA,,FORENSIC STORE,UNIDENTIFIED,UNIDENTIFIED,UNIDENTIFIED,
713,3,,NA,NA,NA,,FORENSIC STORE,REPTILIA,Eretmochelys ,imbricata,Handing over / Release
714,3,,NA,NA,NA,,FORENSIC STORE,REPTILIA,Eretmochelys ,imbricata,Handing over / Release
715,3,,NA,NA,NA,,FORENSIC STORE,REPTILIA,Eretmochelys ,imbricata,Handing over / Release
716,3,,NA,NA,NA,,FORENSIC STORE,REPTILIA,Eretmochelys ,imbricata,Handing over / Release
717,3,,NA,NA,NA,,FORENSIC STORE,UNIDENTIFIED,UNIDENTIFIED,UNIDENTIFIED,Biomaterial Specimen
718,3,,NA,NA,NA,,FORENSIC STORE,UNIDENTIFIED,UNIDENTIFIED,UNIDENTIFIED,Biomaterial Specimen
719,3,,NA,NA,NA,,FORENSIC STORE,UNIDENTIFIED,UNIDENTIFIED,UNIDENTIFIED,Biomaterial Specimen
720,3,,NA,NA,NA,,FORENSIC STORE,UNIDENTIFIED,UNIDENTIFIED,UNIDENTIFIED,Biomaterial Specimen
721,3,,NA,NA,NA,,FORENSIC STORE,UNIDENTIFIED,UNIDENTIFIED,UNIDENTIFIED,Biomaterial Specimen
722,3,,NA,NA,NA,,FORENSIC STORE,UNIDENTIFIED,UNIDENTIFIED,UNIDENTIFIED,Biomaterial Specimen
723,3,,NA,NA,NA,,FORENSIC STORE,UNIDENTIFIED,UNIDENTIFIED,UNIDENTIFIED,Biomaterial Specimen
724,3,,NA,NA,NA,,FORENSIC STORE,UNIDENTIFIED,UNIDENTIFIED,UNIDENTIFIED,Biomaterial Specimen
725,3,,NA,NA,NA,,FORENSIC STORE,UNIDENTIFIED,UNIDENTIFIED,UNIDENTIFIED,Biomaterial Specimen
726,3,,NA,NA,NA,,FORENSIC STORE,UNIDENTIFIED,UNIDENTIFIED,UNIDENTIFIED,Biomaterial Specimen
727,3,,NA,NA,NA,,FORENSIC STORE,UNIDENTIFIED,UNIDENTIFIED,UNIDENTIFIED,Biomaterial Specimen
728,3,,NA,NA,NA,,FORENSIC STORE,UNIDENTIFIED,UNIDENTIFIED,UNIDENTIFIED,Biomaterial Specimen
729,3,,NA,NA,NA,,FORENSIC STORE,UNIDENTIFIED,UNIDENTIFIED,UNIDENTIFIED,Biomaterial Specimen
730,3,,NA,NA,NA,,FORENSIC STORE,UNIDENTIFIED,UNIDENTIFIED,UNIDENTIFIED,Biomaterial Specimen
731,3,,NA,NA,NA,,FORENSIC STORE,UNIDENTIFIED,UNIDENTIFIED,UNIDENTIFIED,Biomaterial Specimen
732,3,,NA,NA,NA,,FORENSIC STORE,UNIDENTIFIED,UNIDENTIFIED,UNIDENTIFIED,Biomaterial Specimen
733,3,,NA,NA,NA,,FORENSIC STORE,UNIDENTIFIED,UNIDENTIFIED,UNIDENTIFIED,Biomaterial Specimen
734,3,,NA,NA,NA,,FORENSIC STORE,UNIDENTIFIED,UNIDENTIFIED,UNIDENTIFIED,Biomaterial Specimen
735,3,,NA,NA,NA,,FORENSIC STORE,UNIDENTIFIED,UNIDENTIFIED,UNIDENTIFIED,Biomaterial Specimen
736,3,,NA,NA,NA,,FORENSIC STORE,UNIDENTIFIED,UNIDENTIFIED,UNIDENTIFIED,Biomaterial Specimen
737,3,,NA,NA,NA,,FORENSIC STORE,UNIDENTIFIED,UNIDENTIFIED,UNIDENTIFIED,Biomaterial Specimen
738,3,,NA,NA,NA,,FORENSIC STORE,UNIDENTIFIED,UNIDENTIFIED,UNIDENTIFIED,Biomaterial Specimen
739,3,,NA,NA,NA,,FORENSIC STORE,UNIDENTIFIED,UNIDENTIFIED,UNIDENTIFIED,Biomaterial Specimen
740,3,,NA,NA,NA,,FORENSIC STORE,UNIDENTIFIED,UNIDENTIFIED,UNIDENTIFIED,Biomaterial Specimen
741,3,,NA,NA,NA,,FORENSIC STORE,UNIDENTIFIED,UNIDENTIFIED,UNIDENTIFIED,Biomaterial Specimen
742,3,,NA,NA,NA,,FORENSIC STORE,UNIDENTIFIED,UNIDENTIFIED,UNIDENTIFIED,Biomaterial Specimen
743,3,,NA,NA,NA,,FORENSIC STORE,UNIDENTIFIED,UNIDENTIFIED,UNIDENTIFIED,Biomaterial Specimen
744,3,,NA,NA,NA,,FORENSIC STORE,UNIDENTIFIED,UNIDENTIFIED,UNIDENTIFIED,Biomaterial Specimen
745,3,,NA,NA,NA,,FORENSIC STORE,UNIDENTIFIED,UNIDENTIFIED,UNIDENTIFIED,Biomaterial Specimen
746,3,,NA,NA,NA,,FORENSIC STORE,UNIDENTIFIED,UNIDENTIFIED,UNIDENTIFIED,Biomaterial Specimen
747,3,,NA,NA,NA,,FORENSIC STORE,UNIDENTIFIED,UNIDENTIFIED,UNIDENTIFIED,Biomaterial Specimen
748,3,,NA,NA,NA,,FORENSIC STORE,UNIDENTIFIED,UNIDENTIFIED,UNIDENTIFIED,Biomaterial Specimen
749,3,,NA,NA,NA,,FORENSIC STORE,UNIDENTIFIED,UNIDENTIFIED,UNIDENTIFIED,Biomaterial Specimen
750,3,,NA,NA,NA,,FORENSIC STORE,UNIDENTIFIED,UNIDENTIFIED,UNIDENTIFIED,Biomaterial Specimen
751,3,,NA,NA,NA,,FORENSIC STORE,UNIDENTIFIED,UNIDENTIFIED,UNIDENTIFIED,Biomaterial Specimen
752,3,,NA,NA,NA,,FORENSIC STORE,UNIDENTIFIED,UNIDENTIFIED,UNIDENTIFIED,Biomaterial Specimen
753,3,,NA,NA,NA,,FORENSIC STORE,UNIDENTIFIED,UNIDENTIFIED,UNIDENTIFIED,Biomaterial Specimen
754,3,,NA,NA,NA,,FORENSIC STORE,UNIDENTIFIED,UNIDENTIFIED,UNIDENTIFIED,Biomaterial Specimen
755,3,,NA,NA,NA,,FORENSIC STORE,UNIDENTIFIED,UNIDENTIFIED,UNIDENTIFIED,Biomaterial Specimen
756,3,,NA,NA,NA,,FORENSIC STORE,UNIDENTIFIED,UNIDENTIFIED,UNIDENTIFIED,Biomaterial Specimen
757,3,,NA,NA,NA,,FORENSIC STORE,UNIDENTIFIED,UNIDENTIFIED,UNIDENTIFIED,Biomaterial Specimen
758,3,,NA,NA,NA,,FORENSIC STORE,UNIDENTIFIED,UNIDENTIFIED,UNIDENTIFIED,Biomaterial Specimen
759,3,,NA,NA,NA,,FORENSIC STORE,UNIDENTIFIED,UNIDENTIFIED,UNIDENTIFIED,Biomaterial Specimen
760,3,,NA,NA,NA,,FORENSIC STORE,UNIDENTIFIED,UNIDENTIFIED,UNIDENTIFIED,Biomaterial Specimen
761,3,,NA,NA,NA,,FORENSIC STORE,UNIDENTIFIED,UNIDENTIFIED,UNIDENTIFIED,Biomaterial Specimen
762,3,,NA,NA,NA,,FORENSIC STORE,UNIDENTIFIED,UNIDENTIFIED,UNIDENTIFIED,Biomaterial Specimen
763,3,,NA,NA,NA,,FORENSIC STORE,UNIDENTIFIED,UNIDENTIFIED,UNIDENTIFIED,Biomaterial Specimen
764,3,,NA,NA,NA,,FORENSIC STORE,UNIDENTIFIED,UNIDENTIFIED,UNIDENTIFIED,Biomaterial Specimen
765,3,,NA,NA,NA,,FORENSIC STORE,UNIDENTIFIED,UNIDENTIFIED,UNIDENTIFIED,Biomaterial Specimen
766,3,,NA,NA,NA,,FORENSIC STORE,UNIDENTIFIED,UNIDENTIFIED,UNIDENTIFIED,Biomaterial Specimen
767,3,,NA,NA,NA,,FORENSIC STORE,UNIDENTIFIED,UNIDENTIFIED,UNIDENTIFIED,Biomaterial Specimen
768,3,,NA,NA,NA,,FORENSIC STORE,UNIDENTIFIED,UNIDENTIFIED,UNIDENTIFIED,Biomaterial Specimen
769,3,,NA,NA,NA,,FORENSIC STORE,UNIDENTIFIED,UNIDENTIFIED,UNIDENTIFIED,Biomaterial Specimen
770,3,,NA,NA,NA,,FORENSIC STORE,UNIDENTIFIED,UNIDENTIFIED,UNIDENTIFIED,Biomaterial Specimen
771,3,,NA,NA,NA,,FORENSIC STORE,UNIDENTIFIED,UNIDENTIFIED,UNIDENTIFIED,Biomaterial Specimen
772,3,,NA,NA,NA,,FORENSIC STORE,UNIDENTIFIED,UNIDENTIFIED,UNIDENTIFIED,Biomaterial Specimen
773,3,,NA,NA,NA,,FORENSIC STORE,UNIDENTIFIED,UNIDENTIFIED,UNIDENTIFIED,Biomaterial Specimen
774,3,,NA,NA,NA,,FORENSIC STORE,UNIDENTIFIED,UNIDENTIFIED,UNIDENTIFIED,Biomaterial Specimen
775,3,,NA,NA,NA,,FORENSIC STORE,UNIDENTIFIED,UNIDENTIFIED,UNIDENTIFIED,Biomaterial Specimen
776,3,,NA,NA,NA,,FORENSIC STORE,UNIDENTIFIED,UNIDENTIFIED,UNIDENTIFIED,Biomaterial Specimen
777,3,,NA,NA,NA,,FORENSIC STORE,UNIDENTIFIED,UNIDENTIFIED,UNIDENTIFIED,Biomaterial Specimen
778,3,,NA,NA,NA,,FORENSIC STORE,UNIDENTIFIED,UNIDENTIFIED,UNIDENTIFIED,Biomaterial Specimen
779,3,,NA,NA,NA,,FORENSIC STORE,UNIDENTIFIED,UNIDENTIFIED,UNIDENTIFIED,Biomaterial Specimen
780,3,,NA,NA,NA,,FORENSIC STORE,UNIDENTIFIED,UNIDENTIFIED,UNIDENTIFIED,Biomaterial Specimen
781,3,,NA,NA,NA,,FORENSIC STORE,UNIDENTIFIED,UNIDENTIFIED,UNIDENTIFIED,Biomaterial Specimen
782,3,,NA,NA,NA,,FORENSIC STORE,UNIDENTIFIED,UNIDENTIFIED,UNIDENTIFIED,Biomaterial Specimen
783,3,,NA,NA,NA,,FORENSIC STORE,UNIDENTIFIED,UNIDENTIFIED,UNIDENTIFIED,Biomaterial Specimen
784,3,,NA,NA,NA,,FORENSIC STORE,UNIDENTIFIED,UNIDENTIFIED,UNIDENTIFIED,Biomaterial Specimen
785,3,,NA,NA,NA,,FORENSIC STORE,UNIDENTIFIED,UNIDENTIFIED,UNIDENTIFIED,Biomaterial Specimen
786,3,,NA,NA,NA,,FORENSIC STORE,UNIDENTIFIED,UNIDENTIFIED,UNIDENTIFIED,Biomaterial Specimen
787,3,,NA,NA,NA,,FORENSIC STORE,UNIDENTIFIED,UNIDENTIFIED,UNIDENTIFIED,Biomaterial Specimen
788,3,,NA,NA,NA,,FORENSIC STORE,UNIDENTIFIED,UNIDENTIFIED,UNIDENTIFIED,Biomaterial Specimen
789,3,,NA,NA,NA,,FORENSIC STORE,UNIDENTIFIED,UNIDENTIFIED,UNIDENTIFIED,Biomaterial Specimen
790,3,,NA,NA,NA,,FORENSIC STORE,UNIDENTIFIED,UNIDENTIFIED,UNIDENTIFIED,Biomaterial Specimen
791,3,,NA,NA,NA,,FORENSIC STORE,UNIDENTIFIED,UNIDENTIFIED,UNIDENTIFIED,Biomaterial Specimen
792,3,,NA,NA,NA,,FORENSIC STORE,UNIDENTIFIED,UNIDENTIFIED,UNIDENTIFIED,Biomaterial Specimen
793,3,,NA,NA,NA,,FORENSIC STORE,UNIDENTIFIED,UNIDENTIFIED,UNIDENTIFIED,Biomaterial Specimen
794,3,,NA,NA,NA,,FORENSIC STORE,UNIDENTIFIED,UNIDENTIFIED,UNIDENTIFIED,Biomaterial Specimen
795,3,,NA,NA,NA,,FORENSIC STORE,UNIDENTIFIED,UNIDENTIFIED,UNIDENTIFIED,Biomaterial Specimen
796,3,,NA,NA,NA,,FORENSIC STORE,UNIDENTIFIED,UNIDENTIFIED,UNIDENTIFIED,Biomaterial Specimen
797,3,,NA,NA,NA,,FORENSIC STORE,UNIDENTIFIED,UNIDENTIFIED,UNIDENTIFIED,Biomaterial Specimen
798,3,,NA,NA,NA,,FORENSIC STORE,UNIDENTIFIED,UNIDENTIFIED,UNIDENTIFIED,Biomaterial Specimen
799,3,,NA,NA,NA,,FORENSIC STORE,UNIDENTIFIED,UNIDENTIFIED,UNIDENTIFIED,Biomaterial Specimen
800,3,,NA,NA,NA,,FORENSIC STORE,UNIDENTIFIED,UNIDENTIFIED,UNIDENTIFIED,Biomaterial Specimen
801,3,,NA,NA,NA,,FORENSIC STORE,UNIDENTIFIED,UNIDENTIFIED,UNIDENTIFIED,Biomaterial Specimen
802,3,,NA,NA,NA,,FORENSIC STORE,UNIDENTIFIED,UNIDENTIFIED,UNIDENTIFIED,Biomaterial Specimen
803,3,,NA,NA,NA,,FORENSIC STORE,UNIDENTIFIED,UNIDENTIFIED,UNIDENTIFIED,Biomaterial Specimen
804,3,,NA,NA,NA,,FORENSIC STORE,UNIDENTIFIED,UNIDENTIFIED,UNIDENTIFIED,Biomaterial Specimen
805,3,,NA,NA,NA,,FORENSIC STORE,UNIDENTIFIED,UNIDENTIFIED,UNIDENTIFIED,Biomaterial Specimen
806,3,,NA,NA,NA,,FORENSIC STORE,UNIDENTIFIED,UNIDENTIFIED,UNIDENTIFIED,Biomaterial Specimen
807,3,,NA,NA,NA,,FORENSIC STORE,UNIDENTIFIED,UNIDENTIFIED,UNIDENTIFIED,Biomaterial Specimen
808,3,,NA,NA,NA,,FORENSIC STORE,UNIDENTIFIED,UNIDENTIFIED,UNIDENTIFIED,Biomaterial Specimen
809,3,,NA,NA,NA,,FORENSIC STORE,UNIDENTIFIED,UNIDENTIFIED,UNIDENTIFIED,Biomaterial Specimen
810,3,,NA,NA,NA,,FORENSIC STORE,UNIDENTIFIED,UNIDENTIFIED,UNIDENTIFIED,Biomaterial Specimen
811,3,,NA,NA,NA,,FORENSIC STORE,UNIDENTIFIED,UNIDENTIFIED,UNIDENTIFIED,Biomaterial Specimen
812,3,,NA,NA,NA,,FORENSIC STORE,UNIDENTIFIED,UNIDENTIFIED,UNIDENTIFIED,Biomaterial Specimen
813,3,,NA,NA,NA,,FORENSIC STORE,UNIDENTIFIED,UNIDENTIFIED,UNIDENTIFIED,Biomaterial Specimen
814,3,,NA,NA,NA,,FORENSIC STORE,UNIDENTIFIED,UNIDENTIFIED,UNIDENTIFIED,Biomaterial Specimen
815,3,,NA,NA,NA,,FORENSIC STORE,UNIDENTIFIED,UNIDENTIFIED,UNIDENTIFIED,Biomaterial Specimen
816,3,,NA,NA,NA,,FORENSIC STORE,UNIDENTIFIED,UNIDENTIFIED,UNIDENTIFIED,Biomaterial Specimen
817,3,,NA,NA,NA,,FORENSIC STORE,UNIDENTIFIED,UNIDENTIFIED,UNIDENTIFIED,Biomaterial Specimen
818,3,,NA,NA,NA,,FORENSIC STORE,UNIDENTIFIED,UNIDENTIFIED,UNIDENTIFIED,Biomaterial Specimen
819,3,,NA,NA,NA,,FORENSIC STORE,UNIDENTIFIED,UNIDENTIFIED,UNIDENTIFIED,Biomaterial Specimen
820,3,,NA,NA,NA,,FORENSIC STORE,UNIDENTIFIED,UNIDENTIFIED,UNIDENTIFIED,Biomaterial Specimen
821,3,,NA,NA,NA,,FORENSIC STORE,UNIDENTIFIED,UNIDENTIFIED,UNIDENTIFIED,Biomaterial Specimen
822,3,,NA,NA,NA,,FORENSIC STORE,UNIDENTIFIED,UNIDENTIFIED,UNIDENTIFIED,Biomaterial Specimen
823,3,,NA,NA,NA,,FORENSIC STORE,UNIDENTIFIED,UNIDENTIFIED,UNIDENTIFIED,Biomaterial Specimen
824,3,,NA,NA,NA,,FORENSIC STORE,UNIDENTIFIED,UNIDENTIFIED,UNIDENTIFIED,Biomaterial Specimen
825,3,,NA,NA,NA,,FORENSIC STORE,UNIDENTIFIED,UNIDENTIFIED,UNIDENTIFIED,Biomaterial Specimen
826,3,,NA,NA,NA,,FORENSIC STORE,UNIDENTIFIED,UNIDENTIFIED,UNIDENTIFIED,Biomaterial Specimen
827,3,,NA,NA,NA,,FORENSIC STORE,UNIDENTIFIED,UNIDENTIFIED,UNIDENTIFIED,Biomaterial Specimen
828,3,,NA,NA,NA,,FORENSIC STORE,UNIDENTIFIED,UNIDENTIFIED,UNIDENTIFIED,Biomaterial Specimen
829,3,,NA,NA,NA,,FORENSIC STORE,UNIDENTIFIED,UNIDENTIFIED,UNIDENTIFIED,Biomaterial Specimen
830,3,,NA,NA,NA,,FORENSIC STORE,UNIDENTIFIED,UNIDENTIFIED,UNIDENTIFIED,Biomaterial Specimen
831,3,,NA,NA,NA,,FORENSIC STORE,UNIDENTIFIED,UNIDENTIFIED,UNIDENTIFIED,Biomaterial Specimen
832,3,,NA,NA,NA,,FORENSIC STORE,UNIDENTIFIED,UNIDENTIFIED,UNIDENTIFIED,Biomaterial Specimen
833,3,,NA,NA,NA,,FORENSIC STORE,UNIDENTIFIED,UNIDENTIFIED,UNIDENTIFIED,Biomaterial Specimen
834,3,,NA,NA,NA,,FORENSIC STORE,UNIDENTIFIED,UNIDENTIFIED,UNIDENTIFIED,Biomaterial Specimen
835,3,,NA,NA,NA,,FORENSIC STORE,UNIDENTIFIED,UNIDENTIFIED,UNIDENTIFIED,Biomaterial Specimen
836,3,,NA,NA,NA,,FORENSIC STORE,UNIDENTIFIED,UNIDENTIFIED,UNIDENTIFIED,Biomaterial Specimen
837,3,,NA,NA,NA,,FORENSIC STORE,UNIDENTIFIED,UNIDENTIFIED,UNIDENTIFIED,Biomaterial Specimen
838,3,,NA,NA,NA,,FORENSIC STORE,UNIDENTIFIED,UNIDENTIFIED,UNIDENTIFIED,Biomaterial Specimen
839,3,,NA,NA,NA,,FORENSIC STORE,UNIDENTIFIED,UNIDENTIFIED,UNIDENTIFIED,Biomaterial Specimen
840,3,,NA,NA,NA,,FORENSIC STORE,UNIDENTIFIED,UNIDENTIFIED,UNIDENTIFIED,Biomaterial Specimen
841,3,,NA,NA,NA,,FORENSIC STORE,UNIDENTIFIED,UNIDENTIFIED,UNIDENTIFIED,Biomaterial Specimen
842,3,,NA,NA,NA,,FORENSIC STORE,UNIDENTIFIED,UNIDENTIFIED,UNIDENTIFIED,Biomaterial Specimen
843,3,,NA,NA,NA,,FORENSIC STORE,UNIDENTIFIED,UNIDENTIFIED,UNIDENTIFIED,Biomaterial Specimen
844,3,,NA,NA,NA,,FORENSIC STORE,UNIDENTIFIED,UNIDENTIFIED,UNIDENTIFIED,Biomaterial Specimen
845,3,,NA,NA,NA,,FORENSIC STORE,UNIDENTIFIED,UNIDENTIFIED,UNIDENTIFIED,Biomaterial Specimen
846,3,,NA,NA,NA,,FORENSIC STORE,UNIDENTIFIED,UNIDENTIFIED,UNIDENTIFIED,Biomaterial Specimen
847,3,,NA,NA,NA,,FORENSIC STORE,UNIDENTIFIED,UNIDENTIFIED,UNIDENTIFIED,Biomaterial Specimen
848,3,,NA,NA,NA,,FORENSIC STORE,UNIDENTIFIED,UNIDENTIFIED,UNIDENTIFIED,Biomaterial Specimen
849,3,,NA,NA,NA,,FORENSIC STORE,UNIDENTIFIED,UNIDENTIFIED,UNIDENTIFIED,Biomaterial Specimen
850,3,,NA,NA,NA,,FORENSIC STORE,UNIDENTIFIED,UNIDENTIFIED,UNIDENTIFIED,Biomaterial Specimen
851,3,,NA,NA,NA,,FORENSIC STORE,UNIDENTIFIED,UNIDENTIFIED,UNIDENTIFIED,Biomaterial Specimen
852,3,,NA,NA,NA,,FORENSIC STORE,UNIDENTIFIED,UNIDENTIFIED,UNIDENTIFIED,Biomaterial Specimen
853,3,,NA,NA,NA,,FORENSIC STORE,UNIDENTIFIED,UNIDENTIFIED,UNIDENTIFIED,Biomaterial Specimen
854,3,,NA,NA,NA,,FORENSIC STORE,UNIDENTIFIED,UNIDENTIFIED,UNIDENTIFIED,Biomaterial Specimen
855,3,,NA,NA,NA,,FORENSIC STORE,UNIDENTIFIED,UNIDENTIFIED,UNIDENTIFIED,Biomaterial Specimen
856,3,,NA,NA,NA,,FORENSIC STORE,UNIDENTIFIED,UNIDENTIFIED,UNIDENTIFIED,Biomaterial Specimen
857,3,,NA,NA,NA,,FORENSIC STORE,UNIDENTIFIED,UNIDENTIFIED,UNIDENTIFIED,Biomaterial Specimen
858,3,,NA,NA,NA,,FORENSIC STORE,UNIDENTIFIED,UNIDENTIFIED,UNIDENTIFIED,Biomaterial Specimen
859,3,,NA,NA,NA,,FORENSIC STORE,UNIDENTIFIED,UNIDENTIFIED,UNIDENTIFIED,Biomaterial Specimen
860,3,,NA,NA,NA,,FORENSIC STORE,UNIDENTIFIED,UNIDENTIFIED,UNIDENTIFIED,Biomaterial Specimen
861,3,,NA,NA,NA,,FORENSIC STORE,UNIDENTIFIED,UNIDENTIFIED,UNIDENTIFIED,Biomaterial Specimen
862,3,,NA,NA,NA,,FORENSIC STORE,UNIDENTIFIED,UNIDENTIFIED,UNIDENTIFIED,Biomaterial Specimen
863,3,,NA,NA,NA,,FORENSIC STORE,UNIDENTIFIED,UNIDENTIFIED,UNIDENTIFIED,Biomaterial Specimen
864,3,,NA,NA,NA,,FORENSIC STORE,UNIDENTIFIED,UNIDENTIFIED,UNIDENTIFIED,Biomaterial Specimen
865,3,,NA,NA,NA,,FORENSIC STORE,UNIDENTIFIED,UNIDENTIFIED,UNIDENTIFIED,Biomaterial Specimen
866,3,,NA,NA,NA,,FORENSIC STORE,UNIDENTIFIED,UNIDENTIFIED,UNIDENTIFIED,Biomaterial Specimen
867,3,,NA,NA,NA,,FORENSIC STORE,UNIDENTIFIED,UNIDENTIFIED,UNIDENTIFIED,Biomaterial Specimen
868,3,,NA,NA,NA,,FORENSIC STORE,UNIDENTIFIED,UNIDENTIFIED,UNIDENTIFIED,Biomaterial Specimen
869,3,,NA,NA,NA,,FORENSIC STORE,UNIDENTIFIED,UNIDENTIFIED,UNIDENTIFIED,Biomaterial Specimen
870,3,,NA,NA,NA,,FORENSIC STORE,UNIDENTIFIED,UNIDENTIFIED,UNIDENTIFIED,Biomaterial Specimen
871,3,,NA,NA,NA,,FORENSIC STORE,UNIDENTIFIED,UNIDENTIFIED,UNIDENTIFIED,Biomaterial Specimen
872,3,,NA,NA,NA,,FORENSIC STORE,UNIDENTIFIED,UNIDENTIFIED,UNIDENTIFIED,Biomaterial Specimen
873,3,,NA,NA,NA,,FORENSIC STORE,UNIDENTIFIED,UNIDENTIFIED,UNIDENTIFIED,Biomaterial Specimen
874,3,,NA,NA,NA,,FORENSIC STORE,UNIDENTIFIED,UNIDENTIFIED,UNIDENTIFIED,Biomaterial Specimen
875,3,,NA,NA,NA,,FORENSIC STORE,UNIDENTIFIED,UNIDENTIFIED,UNIDENTIFIED,Biomaterial Specimen
876,3,,NA,NA,NA,,FORENSIC STORE,UNIDENTIFIED,UNIDENTIFIED,UNIDENTIFIED,Biomaterial Specimen
877,3,,NA,NA,NA,,FORENSIC STORE,UNIDENTIFIED,UNIDENTIFIED,UNIDENTIFIED,Biomaterial Specimen
878,3,,NA,NA,NA,,FORENSIC STORE,UNIDENTIFIED,UNIDENTIFIED,UNIDENTIFIED,Biomaterial Specimen
879,3,,NA,NA,NA,,FORENSIC STORE,UNIDENTIFIED,UNIDENTIFIED,UNIDENTIFIED,Biomaterial Specimen
880,3,,NA,NA,NA,,FORENSIC STORE,UNIDENTIFIED,UNIDENTIFIED,UNIDENTIFIED,Biomaterial Specimen
881,3,,NA,NA,NA,,FORENSIC STORE,UNIDENTIFIED,UNIDENTIFIED,UNIDENTIFIED,Biomaterial Specimen
882,3,,NA,NA,NA,,FORENSIC STORE,UNIDENTIFIED,UNIDENTIFIED,UNIDENTIFIED,Biomaterial Specimen
883,3,,NA,NA,NA,,FORENSIC STORE,UNIDENTIFIED,UNIDENTIFIED,UNIDENTIFIED,Biomaterial Specimen
884,3,,NA,NA,NA,,FORENSIC STORE,UNIDENTIFIED,UNIDENTIFIED,UNIDENTIFIED,Biomaterial Specimen
885,3,,NA,NA,NA,,FORENSIC STORE,UNIDENTIFIED,UNIDENTIFIED,UNIDENTIFIED,Biomaterial Specimen
886,3,,NA,NA,NA,,FORENSIC STORE,UNIDENTIFIED,UNIDENTIFIED,UNIDENTIFIED,Biomaterial Specimen
887,3,,NA,NA,NA,,FORENSIC STORE,UNIDENTIFIED,UNIDENTIFIED,UNIDENTIFIED,Biomaterial Specimen
888,3,,NA,NA,NA,,FORENSIC STORE,UNIDENTIFIED,UNIDENTIFIED,UNIDENTIFIED,Biomaterial Specimen
889,3,,NA,NA,NA,,FORENSIC STORE,MAMMALIA,Cynocephalus ,variegatus,Biomaterial Specimen
890,3,,NA,NA,NA,,FORENSIC STORE,MAMMALIA,Cynocephalus ,variegatus,Biomaterial Specimen
891,3,NC01,NA,NA,NA,,FORENSIC STORE,MAMMALIA,Nycticebus,sp.,Biomaterial Specimen
892,3,NC06,NA,NA,NA,,,MAMMALIA,Nycticebus,sp.,Biomaterial Specimen
893,3,NC02,NA,NA,NA,,,MAMMALIA,Nycticebus,sp.,Biomaterial Specimen
894,3,NC03,NA,NA,NA,,,MAMMALIA,Nycticebus,sp.,Biomaterial Specimen
895,3,NC04,NA,NA,NA,,,MAMMALIA,Nycticebus,sp.,Biomaterial Specimen
896,3,NC05,NA,NA,NA,,,MAMMALIA,Nycticebus,sp.,Biomaterial Specimen
897,3,NC07,NA,NA,NA,,,MAMMALIA,Nycticebus,sp.,Biomaterial Specimen
898,3,NC09,NA,NA,NA,,,MAMMALIA,Nycticebus,sp.,Biomaterial Specimen
899,3,NC10,NA,NA,NA,,,MAMMALIA,Nycticebus,sp.,Biomaterial Specimen
900,3,NC11,NA,NA,NA,,,MAMMALIA,Nycticebus,sp.,Biomaterial Specimen
901,3,NC12,NA,NA,NA,,,MAMMALIA,Nycticebus,sp.,Biomaterial Specimen
902,3,NC08,NA,NA,NA,,,MAMMALIA,Nycticebus,sp.,Biomaterial Specimen
903,3,NC17,NA,NA,NA,,,MAMMALIA,Nycticebus,sp.,Biomaterial Specimen
904,3,NC18,NA,NA,NA,,,MAMMALIA,Nycticebus,sp.,Biomaterial Specimen
905,3,NC19,NA,NA,NA,,,MAMMALIA,Nycticebus,sp.,Biomaterial Specimen
906,3,,Male,NA,NA,,,UNIDENTIFIED,UNIDENTIFIED,UNIDENTIFIED,Biomaterial Specimen
907,3,PS1,NA,NA,NA,,,ANTHOZOA,Dipsastraea,sp.,From Researcher
908,3,PS2,NA,NA,NA,,,ANTHOZOA,Pachyseris,sp.,From Researcher
909,3,PS3,NA,NA,NA,,,ANTHOZOA,Mycedium,sp.,From Researcher
910,3,PS4,NA,NA,NA,,,ANTHOZOA,Oxypora,sp.,From Researcher
911,3,PS5,NA,NA,NA,,,ANTHOZOA,Dipsastraea,sp.,From Researcher
912,3,PS6,NA,NA,NA,,,ANTHOZOA,Favites ,sp.,From Researcher
913,3,PS7,NA,NA,NA,,,ANTHOZOA,Cyphastrea,sp.,From Researcher
914,3,PS8,NA,NA,NA,,,ANTHOZOA,Pachyseris,sp.,From Researcher
915,3,PS9,NA,NA,NA,,,ANTHOZOA,Leptastrea,sp.,From Researcher
916,3,PS10,NA,NA,NA,,,ANTHOZOA,Pavona,sp.,From Researcher
917,3,PS11,NA,NA,NA,,,ANTHOZOA,Turbinaria,sp.,From Researcher
918,3,PS12,NA,NA,NA,,,ANTHOZOA,Podobacia,sp.,From Researcher
919,3,PS13,NA,NA,NA,,,ANTHOZOA,Leptoseris,sp.,From Researcher
920,3,PS14,NA,NA,NA,,,ANTHOZOA,Diploastrea,sp.,From Researcher
921,3,PS15,NA,NA,NA,,,ANTHOZOA,Diploastrea,sp.,From Researcher
922,3,PS16,NA,NA,NA,,,ANTHOZOA,Pocillopora,sp.,From Researcher
923,3,PS17,NA,NA,NA,,,ANTHOZOA,Favites ,sp.,From Researcher
924,3,PS18,NA,NA,NA,,,ANTHOZOA,Dipsastraea,sp.,From Researcher
925,3,PS19,NA,NA,NA,,,ANTHOZOA,Hydnophora,sp.,From Researcher
926,3,PS20,NA,NA,NA,,,ANTHOZOA,Pachyseris,sp.,From Researcher
927,3,PS21,NA,NA,NA,,,ANTHOZOA,Echynophyllia,sp.,From Researcher
928,3,PS22,NA,NA,NA,,,ANTHOZOA,Pavona,sp.,From Researcher
929,3,PS23,NA,NA,NA,,,ANTHOZOA,Pavona,sp.,From Researcher
930,3,PS24,NA,NA,NA,,,ANTHOZOA,Leptastrea,sp.,From Researcher
931,3,PS25,NA,NA,NA,,,ANTHOZOA,Acropora,sp.,From Researcher
932,3,PS26,NA,NA,NA,,,ANTHOZOA,Podobacia,sp.,From Researcher
933,3,PS27,NA,NA,NA,,,ANTHOZOA,Mycedium,sp.,From Researcher
934,3,PS28,NA,NA,NA,,,ANTHOZOA,Plesiastrea,sp.,From Researcher
935,3,PS29,NA,NA,NA,,,ANTHOZOA,Pachyseris,sp.,From Researcher
936,3,PS30,NA,NA,NA,,,ANTHOZOA,Pachyseris,sp.,From Researcher
937,3,WS1,NA,NA,NA,,,ANTHOZOA,Turbinaria,sp.,From Researcher
938,3,WS2,NA,NA,NA,,,ANTHOZOA,Pachyseris,sp.,From Researcher
939,3,WS3,NA,NA,NA,,,ANTHOZOA,Leptoseris,sp.,From Researcher
940,3,WS4,NA,NA,NA,,,ANTHOZOA,Acropora,sp.,From Researcher
941,3,WS5,NA,NA,NA,,,ANTHOZOA,Leptoseris,sp.,From Researcher
942,3,WS6,NA,NA,NA,,,ANTHOZOA,Acropora,sp.,From Researcher
943,3,WS7,NA,NA,NA,,,ANTHOZOA,Acropora,sp.,From Researcher
944,3,WS8,NA,NA,NA,,,ANTHOZOA,Leptoseris,sp.,From Researcher
945,3,WS9,NA,NA,NA,,,ANTHOZOA,Favites ,sp.,From Researcher
946,3,WS10,NA,NA,NA,,,ANTHOZOA,Cyphastrea,sp.,From Researcher
947,3,WS11,NA,NA,NA,,,ANTHOZOA,Hydnophora,sp.,From Researcher
948,3,WS12,NA,NA,NA,,,ANTHOZOA,Seriatopora,sp.,From Researcher
949,3,WS13,NA,NA,NA,,,ANTHOZOA,Podobacia,sp.,From Researcher
950,3,WS14,NA,NA,NA,,,ANTHOZOA,Leptastrea,sp.,From Researcher
951,3,WS15,NA,NA,NA,,,ANTHOZOA,Dipsastraea,sp.,From Researcher
952,3,WS16,NA,NA,NA,,,ANTHOZOA,Diploastrea,sp.,From Researcher
953,3,WS17,NA,NA,NA,,,ANTHOZOA,Oxypora,sp.,From Researcher
954,3,WS18,NA,NA,NA,,,ANTHOZOA,Cyphastrea,sp.,From Researcher
955,3,WS19,NA,NA,NA,,,ANTHOZOA,Oxypora,sp.,From Researcher
956,3,WS20,NA,NA,NA,,,ANTHOZOA,Duncanopsammia,peltata,From Researcher
957,3,WS21,NA,NA,NA,,,ANTHOZOA,Mycedium,sp.,From Researcher
958,3,WS22,NA,NA,NA,,,ANTHOZOA,Pachyseris,sp.,From Researcher
959,3,WS23,NA,NA,NA,,,ANTHOZOA,Pachyseris,sp.,From Researcher
960,3,WS24,NA,NA,NA,,,ANTHOZOA,Dipsastraea,sp.,From Researcher
961,3,WS25,NA,NA,NA,,,ANTHOZOA,Mycedium,sp.,From Researcher
962,3,WS26,NA,NA,NA,,,ANTHOZOA,Duncanopsammia,peltata,From Researcher
963,3,WS27,NA,NA,NA,,,ANTHOZOA,Pavona,sp.,From Researcher
964,3,WS28,NA,NA,NA,,,ANTHOZOA,Pavona,sp.,From Researcher
965,3,WS29,NA,NA,NA,,,ANTHOZOA,Podobacia,sp.,From Researcher
966,3,WS30,NA,NA,NA,,,ANTHOZOA,Plesiastrea,sp.,From Researcher
967,3,CS1,NA,NA,NA,,,ANTHOZOA,Pachyseris,sp.,From Researcher
968,3,CS2,NA,NA,NA,,,ANTHOZOA,Pachyseris,sp.,From Researcher
969,3,CS3,NA,NA,NA,,,ANTHOZOA,Hydnophora,sp.,From Researcher
970,3,CS4,NA,NA,NA,,,ANTHOZOA,Dipsastraea,sp.,From Researcher
971,3,CS5,NA,NA,NA,,,ANTHOZOA,Favites ,sp.,From Researcher
972,3,CS6,NA,NA,NA,,,ANTHOZOA,Pachyseris,sp.,From Researcher
973,3,CS7,NA,NA,NA,,,ANTHOZOA,Pocillopora,sp.,From Researcher
974,3,CS8,NA,NA,NA,,,ANTHOZOA,Pavona,sp.,From Researcher
975,3,CS9,NA,NA,NA,,,ANTHOZOA,Pavona,sp.,From Researcher
976,3,CS10,NA,NA,NA,,,ANTHOZOA,Leptastrea,sp.,From Researcher
977,3,CS11,NA,NA,NA,,,ANTHOZOA,Cyphastrea,sp.,From Researcher
978,3,CS12,NA,NA,NA,,,ANTHOZOA,Podobacia,sp.,From Researcher
979,3,CS13,NA,NA,NA,,,ANTHOZOA,Acropora,sp.,From Researcher
980,3,CS14,NA,NA,NA,,,ANTHOZOA,Acropora,sp.,From Researcher
981,3,CS15,NA,NA,NA,,,ANTHOZOA,Mycedium,sp.,From Researcher
982,3,CS16,NA,NA,NA,,,ANTHOZOA,Oxypora,sp.,From Researcher
983,3,CS17,NA,NA,NA,,,ANTHOZOA,Turbinaria,sp.,From Researcher
984,3,CS18,NA,NA,NA,,,ANTHOZOA,Podobacia,sp.,From Researcher
985,3,CS19,NA,NA,NA,,,ANTHOZOA,Mycedium,sp.,From Researcher
986,3,CS20,NA,NA,NA,,,ANTHOZOA,Acropora,sp.,From Researcher
987,3,CS21,NA,NA,NA,,,ANTHOZOA,Diploastrea,sp.,From Researcher
988,3,CS23,NA,NA,NA,,,ANTHOZOA,Diploastrea,sp.,From Researcher
989,3,CS24,NA,NA,NA,,,ANTHOZOA,Leptoseris,sp.,From Researcher
990,3,CS25,NA,NA,NA,,,ANTHOZOA,Dipsastraea,sp.,From Researcher
991,3,CS26,NA,NA,NA,,,ANTHOZOA,Favites ,sp.,From Researcher
992,3,CS27,NA,NA,NA,,,ANTHOZOA,Leptoseris,sp.,From Researcher
993,3,CS28,NA,NA,NA,,,ANTHOZOA,Turbinaria,sp.,From Researcher
994,3,CS29,NA,NA,NA,,,ANTHOZOA,Leptastrea,sp.,From Researcher
995,3,CS30,NA,NA,NA,,,ANTHOZOA,Cyphastrea,sp.,From Researcher
996,3,,Female,Adult,NA,,,MAMMALIA,Trachypithecus,cristatus,Roadkill
997,3,BNP24-001,Female,Subadult,24,,,MAMMALIA,Sus ,barbatus,Biomaterial Specimen
998,3,BNP24-002,Female,Subadult,17,,,MAMMALIA,Sus ,barbatus,Biomaterial Specimen
999,3,BNP24-003,Female,Subadult,16.4,,,MAMMALIA,Sus ,barbatus,Biomaterial Specimen
1000,3,BNP24-004,Female,Adult,43,,,MAMMALIA,Sus ,barbatus,Biomaterial Specimen
1001,3,BNP24-005,Female,Subadult,20,,,MAMMALIA,Sus ,barbatus,Biomaterial Specimen
1002,3,BNP24-006,Female,Adult,36,,,MAMMALIA,Sus ,barbatus,Biomaterial Specimen
1003,3,,NA,NA,0.03,,,AVES,Arachnothera ,modesta,Biomaterial Specimen
1004,3,,NA,NA,0.02,,,AVES,Napothera,atrigularis,Biomaterial Specimen
1005,3,,NA,NA,0.02,,,AVES,Ceyx,rufidorsus,Biomaterial Specimen
1006,3,,NA,NA,0.02,,,AVES,Ceyx,rufidorsus,Biomaterial Specimen
1007,3,,NA,NA,NA,,,AVES,Pycnonotus,eutilotus,Biomaterial Specimen
1008,3,,NA,NA,0.01,,,AVES,Arachnothera ,longirostra,Biomaterial Specimen
1009,3,,NA,NA,0.02,,,AVES,Ceyx,rufidorsus,Biomaterial Specimen
1010,3,,NA,NA,0.01,,,AVES,Arachnothera ,longirostra,Biomaterial Specimen
1011,3,,NA,NA,0.02,,,AVES,Arachnothera ,longirostra,Biomaterial Specimen
1012,3,,NA,NA,0.03,,,AVES,Copsychus ,malabaricus,Biomaterial Specimen
1013,3,,NA,NA,0.03,,,AVES,Copsychus ,malabaricus,Biomaterial Specimen
1014,3,,NA,NA,0.03,,,AVES,Trichastoma ,bicolor,Biomaterial Specimen
1015,3,,NA,NA,0.01,,,AVES,Cyornis ,turcosus,Biomaterial Specimen
1016,3,,NA,Adult,0.05,,,MAMMALIA,Maxomys,whiteheadi,Biomaterial Specimen
1017,3,,Male,Adult,0.06,,,MAMMALIA,Rhinolophus ,trifoliatus,Biomaterial Specimen
1018,3,,Female,Adult,0.04,,,MAMMALIA,Miniopterus,sp.,Biomaterial Specimen
1019,3,SWK2024 001,NA,NA,NA,,,UNIDENTIFIED,UNIDENTIFIED,UNIDENTIFIED,From Researcher
1020,3,SWK2024 002,NA,NA,NA,,,UNIDENTIFIED,UNIDENTIFIED,UNIDENTIFIED,From Researcher
1021,3,SWK2024 003,NA,NA,NA,,,UNIDENTIFIED,UNIDENTIFIED,UNIDENTIFIED,From Researcher
1022,3,SWK2024 004,NA,NA,NA,,,UNIDENTIFIED,UNIDENTIFIED,UNIDENTIFIED,From Researcher
1023,3,SWK2024 005,NA,NA,NA,,,UNIDENTIFIED,UNIDENTIFIED,UNIDENTIFIED,From Researcher
1024,3,SWK2024 006,NA,NA,NA,,,UNIDENTIFIED,UNIDENTIFIED,UNIDENTIFIED,From Researcher
1025,3,SWK2024 007,NA,NA,NA,,,UNIDENTIFIED,UNIDENTIFIED,UNIDENTIFIED,From Researcher
1026,3,SWK2024 008,NA,NA,NA,,,UNIDENTIFIED,UNIDENTIFIED,UNIDENTIFIED,From Researcher
1027,3,SWK2024 009,NA,NA,NA,,,UNIDENTIFIED,UNIDENTIFIED,UNIDENTIFIED,From Researcher
1028,3,TD01CM021024,NA,Juvenile,NA,,,REPTILIA,Chelonia,mydas,Biomaterial Specimen
1029,3,TD02CM021024,NA,Juvenile,NA,,,REPTILIA,Chelonia,mydas,Biomaterial Specimen
1030,3,TD03CM021024,NA,Juvenile,NA,,,REPTILIA,Chelonia,mydas,Biomaterial Specimen
1031,3,TD04CM021024,NA,Juvenile,NA,,,REPTILIA,Chelonia,mydas,Biomaterial Specimen
1032,3,TD05CM021024,NA,Juvenile,NA,,,REPTILIA,Chelonia,mydas,Biomaterial Specimen
1033,3,TD06CM021024,NA,Juvenile,NA,,,REPTILIA,Chelonia,mydas,Biomaterial Specimen
1034,3,27763,NA,NA,NA,YES,,MAGNOLIOPSIDA,Dipterocarpus,geniculatus ssp geniculatus,Biomaterial Specimen
1035,3,27766,NA,NA,NA,YES,,MAGNOLIOPSIDA,Dipterocarpus,globosus,Biomaterial Specimen
1036,3,27767,NA,NA,NA,YES,,MAGNOLIOPSIDA,Dipterocarpus,confertus,Biomaterial Specimen
1037,3,27772,NA,NA,NA,YES,,MAGNOLIOPSIDA,Dipterocarpus,mundus,Biomaterial Specimen
1038,3,27782,NA,NA,NA,YES,,MAGNOLIOPSIDA,Dipterocarpus,acutangulus,Biomaterial Specimen
1039,3,27788,NA,NA,NA,YES,,MAGNOLIOPSIDA,Dipterocarpus,nudus,Biomaterial Specimen
1040,3,27789,NA,NA,NA,YES,,MAGNOLIOPSIDA,Dipterocarpus,coriaceus,Biomaterial Specimen
1041,3,,Female,Subadult,NA,,,MAMMALIA,UNIDENTIFIED,UNIDENTIFIED,Stranded
1042,3,27972,NA,NA,NA,,,MAGNOLIOPSIDA,Dipterocarpus,confertus,From Researcher
1043,3,27976,NA,NA,NA,,,MAGNOLIOPSIDA,Dipterocarpus,condorensis ssp penangianus,From Researcher
1044,3,28001,NA,NA,NA,,,MAGNOLIOPSIDA,Dipterocarpus,globosus,From Researcher
1045,3,28002,NA,NA,NA,,,MAGNOLIOPSIDA,Dipterocarpus,geniculatus ssp geniculatus,From Researcher
1046,3,28009,NA,NA,NA,,,MAGNOLIOPSIDA,Dipterocarpus,acutangulus,From Researcher
1047,3,28023,NA,NA,NA,,,MAGNOLIOPSIDA,Dipterocarpus,confertus,From Researcher
1048,3,28032,NA,NA,NA,,,MAGNOLIOPSIDA,Dipterocarpus,pachyphyllus,From Researcher
1049,3,28034,NA,NA,NA,,,MAGNOLIOPSIDA,Dipterocarpus,palembanicus ssp borneensis,From Researcher
1050,3,KUHE 54540,NA,NA,NA,,,UNIDENTIFIED,UNIDENTIFIED,UNIDENTIFIED,
1051,3,KUHE 55382,NA,NA,NA,,,UNIDENTIFIED,UNIDENTIFIED,UNIDENTIFIED,
1052,3,KUHE 55388,NA,NA,NA,,,UNIDENTIFIED,UNIDENTIFIED,UNIDENTIFIED,
1053,3,KUHE 55390,NA,NA,NA,,,UNIDENTIFIED,UNIDENTIFIED,UNIDENTIFIED,
1054,3,KUHE 55395,NA,NA,NA,,,UNIDENTIFIED,UNIDENTIFIED,UNIDENTIFIED,
1055,3,KUHE 55438,NA,NA,NA,,,UNIDENTIFIED,UNIDENTIFIED,UNIDENTIFIED,
